"PRODUCT NDC","PRODUCT TYPE NAME","NONPROPRIETARY NAME","DOSAGE FORM NAME","ROUTE NAME","MARKETING CATEGORY NAME","ESTABLISHMENT INFORMATION","SUBSTANCE NAME","ACTIVE INGREDIENTS INFO","NDC PACKAGE CODE","PACKAGE DESCRIPTION","REPORTING PERIOD","DEA SCHEDULE"
"69374-214","HUMAN COMPOUNDED DRUG","8.4% Sodium Bicarbonate 84mg/mL","INJECTION, SOLUTION","INTRAVENOUS","OUTSOURCING FACILITY COMPOUNDED HUMAN DRUG PRODUCT (EXEMPT FROM APPROVAL REQUIREMENTS)","Nephron Sterile Compounding Center, LLC","SODIUM BICARBONATE","84 mg/1 mL","69374-214-50","6 CARTON in 1 CASE (69374-214-50)  > 5 SYRINGE, PLASTIC in 1 CARTON > 50 mL in 1 SYRINGE, PLASTIC","2022-1",""
"69374-300","HUMAN COMPOUNDED DRUG","Succinylcholine Chloride 20 mg/mL","INJECTION, SOLUTION","INTRAVENOUS","OUTSOURCING FACILITY COMPOUNDED HUMAN DRUG PRODUCT (EXEMPT FROM APPROVAL REQUIREMENTS)","Nephron Sterile Compounding Center, LLC","SUCCINYLCHOLINE CHLORIDE","20 mg/1 mL","69374-300-05","12 CARTON in 1 CASE (69374-300-05)  > 30 VIAL, PLASTIC in 1 CARTON > 5 mL in 1 VIAL, PLASTIC","2022-2, 2022-1",""
"69374-300","HUMAN COMPOUNDED DRUG","Succinylcholine Chloride 20 mg/mL","INJECTION, SOLUTION","INTRAVENOUS","OUTSOURCING FACILITY COMPOUNDED HUMAN DRUG PRODUCT (EXEMPT FROM APPROVAL REQUIREMENTS)","Nephron Sterile Compounding Center, LLC","SUCCINYLCHOLINE CHLORIDE","20 mg/1 mL","69374-300-05","12 CARTON in 1 CASE (69374-300-05)  > 30 VIAL, PLASTIC in 1 CARTON > 5 mL in 1 VIAL, PLASTIC","2022-2, 2022-1",""
"69374-300","HUMAN COMPOUNDED DRUG","Succinylcholine Chloride 20 mg/mL","INJECTION, SOLUTION","INTRAVENOUS","OUTSOURCING FACILITY COMPOUNDED HUMAN DRUG PRODUCT (EXEMPT FROM APPROVAL REQUIREMENTS)","Nephron Sterile Compounding Center, LLC","SUCCINYLCHOLINE CHLORIDE","20 mg/1 mL","69374-300-10","12 CARTON in 1 CASE (69374-300-10)  > 30 VIAL, PLASTIC in 1 CARTON > 10 mL in 1 VIAL, PLASTIC","2022-2, 2022-1",""
"69374-300","HUMAN COMPOUNDED DRUG","Succinylcholine Chloride 20 mg/mL","INJECTION, SOLUTION","INTRAVENOUS","OUTSOURCING FACILITY COMPOUNDED HUMAN DRUG PRODUCT (EXEMPT FROM APPROVAL REQUIREMENTS)","Nephron Sterile Compounding Center, LLC","SUCCINYLCHOLINE CHLORIDE","20 mg/1 mL","69374-300-10","12 CARTON in 1 CASE (69374-300-10)  > 30 VIAL, PLASTIC in 1 CARTON > 10 mL in 1 VIAL, PLASTIC","2022-2, 2022-1",""
"69374-301","HUMAN COMPOUNDED DRUG","Phenylephrine vial 80mcg/mL","INJECTION, SOLUTION","INTRAVENOUS","OUTSOURCING FACILITY COMPOUNDED HUMAN DRUG PRODUCT (EXEMPT FROM APPROVAL REQUIREMENTS)","Nephron Sterile Compounding Center, LLC","PHENYLEPHRINE HYDROCHLORIDE","80 ug/1 mL","69374-301-10","12 CARTON in 1 CASE (69374-301-10)  > 30 VIAL, PLASTIC in 1 CARTON > 10 mL in 1 VIAL, PLASTIC","2022-2",""
"69374-302","HUMAN COMPOUNDED DRUG","Phenylephrine vial 100mcg/mL","INJECTION, SOLUTION","INTRAVENOUS","OUTSOURCING FACILITY COMPOUNDED HUMAN DRUG PRODUCT (EXEMPT FROM APPROVAL REQUIREMENTS)","Nephron Sterile Compounding Center, LLC","PHENYLEPHRINE HYDROCHLORIDE","100 ug/1 mL","69374-302-10","12 CARTON in 1 CASE (69374-302-10)  > 30 VIAL, PLASTIC in 1 CARTON > 10 mL in 1 VIAL, PLASTIC","2022-2, 2022-1",""
"69374-302","HUMAN COMPOUNDED DRUG","Phenylephrine vial 100mcg/mL","INJECTION, SOLUTION","INTRAVENOUS","OUTSOURCING FACILITY COMPOUNDED HUMAN DRUG PRODUCT (EXEMPT FROM APPROVAL REQUIREMENTS)","Nephron Sterile Compounding Center, LLC","PHENYLEPHRINE HYDROCHLORIDE","100 ug/1 mL","69374-302-10","12 CARTON in 1 CASE (69374-302-10)  > 30 VIAL, PLASTIC in 1 CARTON > 10 mL in 1 VIAL, PLASTIC","2022-2, 2022-1",""
"69374-305","HUMAN COMPOUNDED DRUG","Phenylephrine Hydrochloride 40 mcg/mL","INJECTION, SOLUTION","INTRAVENOUS","OUTSOURCING FACILITY COMPOUNDED HUMAN DRUG PRODUCT (EXEMPT FROM APPROVAL REQUIREMENTS)","Nephron Sterile Compounding Center, LLC","PHENYLEPHRINE HYDROCHLORIDE","40 ug/1 mL","69374-305-10","12 CARTON in 1 CASE (69374-305-10)  > 30 VIAL, PLASTIC in 1 CARTON > 10 mL in 1 VIAL, PLASTIC","2022-2",""
"69374-306","HUMAN COMPOUNDED DRUG","Epinephrine 0.1mg/1mL vial","INJECTION, SOLUTION","INTRAVENOUS","OUTSOURCING FACILITY COMPOUNDED HUMAN DRUG PRODUCT (EXEMPT FROM APPROVAL REQUIREMENTS)","Nephron Sterile Compounding Center, LLC","EPINEPHRINE HYDROCHLORIDE",".1 mg/1 mL","69374-306-10","12 CARTON in 1 CASE (69374-306-10)  > 30 VIAL, PLASTIC in 1 CARTON > 10 mL in 1 VIAL, PLASTIC","2022-2",""
"69374-308","HUMAN COMPOUNDED DRUG","Ketamine HCL 10mg/mL","INJECTION, SOLUTION","INTRAVENOUS","OUTSOURCING FACILITY COMPOUNDED HUMAN DRUG PRODUCT (EXEMPT FROM APPROVAL REQUIREMENTS)","Nephron Sterile Compounding Center, LLC","KETAMINE HYDROCHLORIDE","10 mg/1 mL","69374-308-05","30 CARTON in 1 CASE (69374-308-05)  > 30 VIAL, PLASTIC in 1 CARTON > 5 mL in 1 VIAL, PLASTIC","2022-1","CIII"
"69374-314","HUMAN COMPOUNDED DRUG","Midazolam 1mg/mL","INJECTION, SOLUTION","INTRAVENOUS","OUTSOURCING FACILITY COMPOUNDED HUMAN DRUG PRODUCT (EXEMPT FROM APPROVAL REQUIREMENTS)","Nephron Sterile Compounding Center, LLC","MIDAZOLAM","1 mg/1 mL","69374-314-05","30 CARTON in 1 CASE (69374-314-05)  > 1 BOTTLE, PLASTIC in 1 CARTON > 50 mL in 1 BOTTLE, PLASTIC","2022-1","CIV"
"69374-314","HUMAN COMPOUNDED DRUG","Midazolam 1mg/mL","INJECTION, SOLUTION","INTRAVENOUS","OUTSOURCING FACILITY COMPOUNDED HUMAN DRUG PRODUCT (EXEMPT FROM APPROVAL REQUIREMENTS)","Nephron Sterile Compounding Center, LLC","MIDAZOLAM","1 mg/1 mL","69374-314-10","30 CARTON in 1 CASE (69374-314-10)  > 1 BOTTLE, PLASTIC in 1 CARTON > 100 mL in 1 BOTTLE, PLASTIC","2022-1","CIV"
"69374-315","HUMAN COMPOUNDED DRUG","Norepinephrine Bitartrate 16mg/250mL","INJECTION, SOLUTION","INTRAVENOUS","OUTSOURCING FACILITY COMPOUNDED HUMAN DRUG PRODUCT (EXEMPT FROM APPROVAL REQUIREMENTS)","Nephron Sterile Compounding Center, LLC","NOREPINEPHRINE","16 mg/250 mL","69374-315-25","15 CARTON in 1 CASE (69374-315-25)  > 1 BOTTLE, PLASTIC in 1 CARTON > 250 mL in 1 BOTTLE, PLASTIC","2022-2, 2022-1",""
"69374-315","HUMAN COMPOUNDED DRUG","Norepinephrine Bitartrate 16mg/250mL","INJECTION, SOLUTION","INTRAVENOUS","OUTSOURCING FACILITY COMPOUNDED HUMAN DRUG PRODUCT (EXEMPT FROM APPROVAL REQUIREMENTS)","Nephron Sterile Compounding Center, LLC","NOREPINEPHRINE","16 mg/250 mL","69374-315-25","15 CARTON in 1 CASE (69374-315-25)  > 1 BOTTLE, PLASTIC in 1 CARTON > 250 mL in 1 BOTTLE, PLASTIC","2022-2, 2022-1",""
"69374-316","HUMAN COMPOUNDED DRUG","Norepinephrine Bitartrate 8mg/250mL","INJECTION, SOLUTION","INTRAVENOUS","OUTSOURCING FACILITY COMPOUNDED HUMAN DRUG PRODUCT (EXEMPT FROM APPROVAL REQUIREMENTS)","Nephron Sterile Compounding Center, LLC","NOREPINEPHRINE","8 mg/250 mL","69374-316-25","15 CARTON in 1 CASE (69374-316-25)  > 1 BOTTLE, PLASTIC in 1 CARTON > 250 mL in 1 BOTTLE, PLASTIC","2022-2, 2022-1",""
"69374-316","HUMAN COMPOUNDED DRUG","Norepinephrine Bitartrate 8mg/250mL","INJECTION, SOLUTION","INTRAVENOUS","OUTSOURCING FACILITY COMPOUNDED HUMAN DRUG PRODUCT (EXEMPT FROM APPROVAL REQUIREMENTS)","Nephron Sterile Compounding Center, LLC","NOREPINEPHRINE","8 mg/250 mL","69374-316-25","15 CARTON in 1 CASE (69374-316-25)  > 1 BOTTLE, PLASTIC in 1 CARTON > 250 mL in 1 BOTTLE, PLASTIC","2022-2, 2022-1",""
"69374-318","HUMAN COMPOUNDED DRUG","Dexmedetomidine HCL 4mcg/mL","INJECTION, SOLUTION","INTRAVENOUS","OUTSOURCING FACILITY COMPOUNDED HUMAN DRUG PRODUCT (EXEMPT FROM APPROVAL REQUIREMENTS)","Nephron Sterile Compounding Center, LLC","DEXMEDETOMIDINE HYDROCHLORIDE","4 ug/1 mL","69374-318-10","30 BOTTLE, PLASTIC in 1 CASE (69374-318-10)  > 100 mL in 1 BOTTLE, PLASTIC","2022-1",""
"69374-319","HUMAN COMPOUNDED DRUG","Norepinephrine Bitartrate 4mg/250mL","INJECTION, SOLUTION","INTRAVENOUS","OUTSOURCING FACILITY COMPOUNDED HUMAN DRUG PRODUCT (EXEMPT FROM APPROVAL REQUIREMENTS)","Nephron Sterile Compounding Center, LLC","NOREPINEPHRINE","4 mg/250 mL","69374-319-25","15 CARTON in 1 CASE (69374-319-25)  > 1 BOTTLE, PLASTIC in 1 CARTON > 250 mL in 1 BOTTLE, PLASTIC","2022-2, 2022-1",""
"69374-319","HUMAN COMPOUNDED DRUG","Norepinephrine Bitartrate 4mg/250mL","INJECTION, SOLUTION","INTRAVENOUS","OUTSOURCING FACILITY COMPOUNDED HUMAN DRUG PRODUCT (EXEMPT FROM APPROVAL REQUIREMENTS)","Nephron Sterile Compounding Center, LLC","NOREPINEPHRINE","4 mg/250 mL","69374-319-25","15 CARTON in 1 CASE (69374-319-25)  > 1 BOTTLE, PLASTIC in 1 CARTON > 250 mL in 1 BOTTLE, PLASTIC","2022-2, 2022-1",""
"69374-320","HUMAN COMPOUNDED DRUG","Sodium Chloride 0.9% 10mL","INJECTION, SOLUTION","INTRAVENOUS","OUTSOURCING FACILITY COMPOUNDED HUMAN DRUG PRODUCT (EXEMPT FROM APPROVAL REQUIREMENTS)","Nephron Sterile Compounding Center, LLC","SODIUM CHLORIDE",".09 g/10 mL","69374-320-10","12 CARTON in 1 CASE (69374-320-10)  > 30 VIAL, PLASTIC in 1 CARTON > 10 mL in 1 VIAL, PLASTIC","2022-2",""
"69374-321","HUMAN COMPOUNDED DRUG","Phenylephrine HCl 50mg/250mL NS","INJECTION, SOLUTION","INTRAVENOUS","OUTSOURCING FACILITY COMPOUNDED HUMAN DRUG PRODUCT (EXEMPT FROM APPROVAL REQUIREMENTS)","Nephron Sterile Compounding Center, LLC","PHENYLEPHRINE HYDROCHLORIDE","200 ug/1 mL","69374-321-25","15 BAG in 1 CASE (69374-321-25)  > 250 mL in 1 BAG","2022-2, 2022-1",""
"69374-321","HUMAN COMPOUNDED DRUG","Phenylephrine HCl 50mg/250mL NS","INJECTION, SOLUTION","INTRAVENOUS","OUTSOURCING FACILITY COMPOUNDED HUMAN DRUG PRODUCT (EXEMPT FROM APPROVAL REQUIREMENTS)","Nephron Sterile Compounding Center, LLC","PHENYLEPHRINE HYDROCHLORIDE","200 ug/1 mL","69374-321-25","15 BAG in 1 CASE (69374-321-25)  > 250 mL in 1 BAG","2022-2, 2022-1",""
"69374-325","HUMAN COMPOUNDED DRUG","Phenylephrine HCl in NS 100mg/250mL","INJECTION, SOLUTION","INTRAVENOUS","OUTSOURCING FACILITY COMPOUNDED HUMAN DRUG PRODUCT (EXEMPT FROM APPROVAL REQUIREMENTS)","Nephron Sterile Compounding Center, LLC","PHENYLEPHRINE HYDROCHLORIDE","400 ug/1 mL","69374-325-25","15 BOTTLE, PLASTIC in 1 CASE (69374-325-25)  > 250 mL in 1 BOTTLE, PLASTIC","2022-2",""
"69374-510","HUMAN COMPOUNDED DRUG","PF-Rocuronium Bromide 50mg/5ml","INJECTION, SOLUTION","INTRAVENOUS","OUTSOURCING FACILITY COMPOUNDED HUMAN DRUG PRODUCT (EXEMPT FROM APPROVAL REQUIREMENTS)","Nephron Sterile Compounding Center, LLC","ROCURONIUM BROMIDE","10 mg/1 mL","69374-510-75","6 CARTON in 1 CASE (69374-510-75)  > 5 SYRINGE, PLASTIC in 1 CARTON > 7.5 mL in 1 SYRINGE, PLASTIC","2022-1",""
"69374-511","HUMAN COMPOUNDED DRUG","Ketamine 50mg/ml","INJECTION, SOLUTION","INTRAMUSCULAR; INTRAVENOUS","OUTSOURCING FACILITY COMPOUNDED HUMAN DRUG PRODUCT (EXEMPT FROM APPROVAL REQUIREMENTS)","Nephron Sterile Compounding Center, LLC","KETAMINE HYDROCHLORIDE","50 mg/1 mL","69374-511-01","6 CARTON in 1 CASE (69374-511-01)  > 5 SYRINGE, PLASTIC in 1 CARTON > 1 mL in 1 SYRINGE, PLASTIC","2022-1","CIII"
"69374-513","HUMAN COMPOUNDED DRUG","Ketamine Hydrochloride 0.6 mg/mL","INJECTION, SOLUTION","INTRAMUSCULAR","OUTSOURCING FACILITY COMPOUNDED HUMAN DRUG PRODUCT (EXEMPT FROM APPROVAL REQUIREMENTS)","Nephron Sterile Compounding Center, LLC","KETAMINE HYDROCHLORIDE",".6 mg/1 mL","69374-513-50","6 CARTON in 1 CASE (69374-513-50)  > 5 SYRINGE, PLASTIC in 1 CARTON > 50 mL in 1 SYRINGE, PLASTIC","2022-1","CIII"
"69374-514","HUMAN COMPOUNDED DRUG","Bupivacaine 3mg/ml, Ketorolac 1.2mg/ml, Ketamine 1.2mg/ml","INJECTION, SOLUTION","INFILTRATION","OUTSOURCING FACILITY COMPOUNDED HUMAN DRUG PRODUCT (EXEMPT FROM APPROVAL REQUIREMENTS)","Nephron Sterile Compounding Center, LLC","KETAMINE HYDROCHLORIDE; KETOROLAC; BUPIVACAINE HYDROCHLORIDE","60 mg/1 mL; 60 mg/1 mL; 150 mg/1 mL","69374-514-50","6 CARTON in 1 CASE (69374-514-50)  > 5 SYRINGE, PLASTIC in 1 CARTON > 50 mL in 1 SYRINGE, PLASTIC","2022-2, 2022-1","CIII"
"69374-514","HUMAN COMPOUNDED DRUG","Bupivacaine 3mg/ml, Ketorolac 1.2mg/ml, Ketamine 1.2mg/ml","INJECTION, SOLUTION","INFILTRATION","OUTSOURCING FACILITY COMPOUNDED HUMAN DRUG PRODUCT (EXEMPT FROM APPROVAL REQUIREMENTS)","Nephron Sterile Compounding Center, LLC","KETAMINE HYDROCHLORIDE; KETOROLAC; BUPIVACAINE HYDROCHLORIDE","60 mg/1 mL; 60 mg/1 mL; 150 mg/1 mL","69374-514-50","6 CARTON in 1 CASE (69374-514-50)  > 5 SYRINGE, PLASTIC in 1 CARTON > 50 mL in 1 SYRINGE, PLASTIC","2022-2, 2022-1","CIII"
"69374-515","HUMAN COMPOUNDED DRUG","Ropivacaine 2.46mg/ml, Clonidine 0.8mcg/ml, Ketorolac 0.3mg/ml","INJECTION, SOLUTION","PERIARTICULAR","OUTSOURCING FACILITY COMPOUNDED HUMAN DRUG PRODUCT (EXEMPT FROM APPROVAL REQUIREMENTS)","Nephron Sterile Compounding Center, LLC","ROPIVACAINE HYDROCHLORIDE; KETOROLAC TROMETHAMINE; CLONIDINE HYDROCHLORIDE","123 mg/1 mL; 15 mg/1 mL; .04 mg/1 mL","69374-515-50","5 SYRINGE, PLASTIC in 1 CARTON (69374-515-50)  > 50 mL in 1 SYRINGE, PLASTIC","2022-2, 2022-1",""
"69374-515","HUMAN COMPOUNDED DRUG","Ropivacaine 2.46mg/ml, Clonidine 0.8mcg/ml, Ketorolac 0.3mg/ml","INJECTION, SOLUTION","PERIARTICULAR","OUTSOURCING FACILITY COMPOUNDED HUMAN DRUG PRODUCT (EXEMPT FROM APPROVAL REQUIREMENTS)","Nephron Sterile Compounding Center, LLC","ROPIVACAINE HYDROCHLORIDE; KETOROLAC TROMETHAMINE; CLONIDINE HYDROCHLORIDE","123 mg/1 mL; 15 mg/1 mL; .04 mg/1 mL","69374-515-50","5 SYRINGE, PLASTIC in 1 CARTON (69374-515-50)  > 50 mL in 1 SYRINGE, PLASTIC","2022-2, 2022-1",""
"69374-519","HUMAN COMPOUNDED DRUG","Ropivacaine 2 mg/mL, Ketorolac 0.3 mg/mL, Ketamine 0.6 mg/mL","INJECTION, SOLUTION","INFILTRATION","OUTSOURCING FACILITY COMPOUNDED HUMAN DRUG PRODUCT (EXEMPT FROM APPROVAL REQUIREMENTS)","Nephron Sterile Compounding Center, LLC","ROPIVACAINE HYDROCHLORIDE; KETAMINE; KETOROLAC TROMETHAMINE","100 mg/50 mL; 30 mg/50 mL; 15 mg/50 mL","69374-519-50","6 CARTON in 1 CASE (69374-519-50)  > 5 SYRINGE, PLASTIC in 1 CARTON > 50 mL in 1 SYRINGE, PLASTIC","2022-2, 2022-1","CIII"
"69374-519","HUMAN COMPOUNDED DRUG","Ropivacaine 2 mg/mL, Ketorolac 0.3 mg/mL, Ketamine 0.6 mg/mL","INJECTION, SOLUTION","INFILTRATION","OUTSOURCING FACILITY COMPOUNDED HUMAN DRUG PRODUCT (EXEMPT FROM APPROVAL REQUIREMENTS)","Nephron Sterile Compounding Center, LLC","ROPIVACAINE HYDROCHLORIDE; KETAMINE; KETOROLAC TROMETHAMINE","100 mg/50 mL; 30 mg/50 mL; 15 mg/50 mL","69374-519-50","6 CARTON in 1 CASE (69374-519-50)  > 5 SYRINGE, PLASTIC in 1 CARTON > 50 mL in 1 SYRINGE, PLASTIC","2022-2, 2022-1","CIII"
"69374-520","HUMAN COMPOUNDED DRUG","Lidocaine Hydrochloride 1% 50mg/5mL","INJECTION, SOLUTION","INTRAVENOUS","OUTSOURCING FACILITY COMPOUNDED HUMAN DRUG PRODUCT (EXEMPT FROM APPROVAL REQUIREMENTS)","Nephron Sterile Compounding Center, LLC","LIDOCAINE HYDROCHLORIDE","50 mg/5 mL","69374-520-05","30 CARTON in 1 CASE (69374-520-05)  > 30 VIAL, PLASTIC in 1 CARTON > 5 mL in 1 VIAL, PLASTIC","2022-2",""
"69374-521","HUMAN COMPOUNDED DRUG","Ketamine 1mg/1mL","INJECTION, SOLUTION","INTRAVENOUS","OUTSOURCING FACILITY COMPOUNDED HUMAN DRUG PRODUCT (EXEMPT FROM APPROVAL REQUIREMENTS)","Nephron Sterile Compounding Center, LLC","KETAMINE HYDROCHLORIDE","1 mg/1 mL","69374-521-31","30 CARTON in 1 CASE (69374-521-31)  > 1 BOTTLE, PLASTIC in 1 CARTON > 100 mL in 1 BOTTLE, PLASTIC","2022-1","CIII"
"69374-523","HUMAN COMPOUNDED DRUG","Fentanyl Citrate 10 mcg/mL in 250 mL of 0.9% Normal Saline","INJECTION, SOLUTION","INTRAVENOUS","OUTSOURCING FACILITY COMPOUNDED HUMAN DRUG PRODUCT (EXEMPT FROM APPROVAL REQUIREMENTS)","Nephron Sterile Compounding Center, LLC","FENTANYL CITRATE","10 ug/1 mL","69374-523-21","15 CARTON in 1 CASE (69374-523-21)  > 1 BOTTLE, PLASTIC in 1 CARTON > 250 mL in 1 BOTTLE, PLASTIC","2022-1","CII"
"69374-529","HUMAN COMPOUNDED DRUG","Hydromorphone Hydrochloride 0.2mg/mL","INJECTION, SOLUTION","INTRAVENOUS","OUTSOURCING FACILITY COMPOUNDED HUMAN DRUG PRODUCT (EXEMPT FROM APPROVAL REQUIREMENTS)","Nephron Sterile Compounding Center, LLC","HYDROMORPHONE HYDROCHLORIDE",".2 mg/1 mL","69374-529-30","6 CARTON in 1 CASE (69374-529-30)  > 5 SYRINGE, PLASTIC in 1 CARTON > 30 mL in 1 SYRINGE, PLASTIC","2022-2, 2022-1","CII"
"69374-529","HUMAN COMPOUNDED DRUG","Hydromorphone Hydrochloride 0.2mg/mL","INJECTION, SOLUTION","INTRAVENOUS","OUTSOURCING FACILITY COMPOUNDED HUMAN DRUG PRODUCT (EXEMPT FROM APPROVAL REQUIREMENTS)","Nephron Sterile Compounding Center, LLC","HYDROMORPHONE HYDROCHLORIDE",".2 mg/1 mL","69374-529-30","6 CARTON in 1 CASE (69374-529-30)  > 5 SYRINGE, PLASTIC in 1 CARTON > 30 mL in 1 SYRINGE, PLASTIC","2022-2, 2022-1","CII"
"69374-529","HUMAN COMPOUNDED DRUG","Hydromorphone Hydrochloride 0.2mg/mL","INJECTION, SOLUTION","INTRAVENOUS","OUTSOURCING FACILITY COMPOUNDED HUMAN DRUG PRODUCT (EXEMPT FROM APPROVAL REQUIREMENTS)","Nephron Sterile Compounding Center, LLC","HYDROMORPHONE HYDROCHLORIDE",".2 mg/1 mL","69374-529-50","6 CARTON in 1 CASE (69374-529-50)  > 5 SYRINGE, PLASTIC in 1 CARTON > 50 mL in 1 SYRINGE, PLASTIC","2022-2, 2022-1","CII"
"69374-529","HUMAN COMPOUNDED DRUG","Hydromorphone Hydrochloride 0.2mg/mL","INJECTION, SOLUTION","INTRAVENOUS","OUTSOURCING FACILITY COMPOUNDED HUMAN DRUG PRODUCT (EXEMPT FROM APPROVAL REQUIREMENTS)","Nephron Sterile Compounding Center, LLC","HYDROMORPHONE HYDROCHLORIDE",".2 mg/1 mL","69374-529-50","6 CARTON in 1 CASE (69374-529-50)  > 5 SYRINGE, PLASTIC in 1 CARTON > 50 mL in 1 SYRINGE, PLASTIC","2022-2, 2022-1","CII"
"69374-536","HUMAN COMPOUNDED DRUG","Methacholine Chloride 16mg/mL","SOLUTION","RESPIRATORY (INHALATION)","OUTSOURCING FACILITY COMPOUNDED HUMAN DRUG PRODUCT (EXEMPT FROM APPROVAL REQUIREMENTS)","Nephron Sterile Compounding Center, LLC","METHACHOLINE CHLORIDE","16 mg/1 mL","69374-536-50","6 CARTON in 1 CASE (69374-536-50)  > 1 VIAL, PLASTIC in 1 CARTON > 3 mL in 1 VIAL, PLASTIC","2022-2, 2021-2, 2022-1",""
"69374-536","HUMAN COMPOUNDED DRUG","Methacholine Chloride 16mg/mL","SOLUTION","RESPIRATORY (INHALATION)","OUTSOURCING FACILITY COMPOUNDED HUMAN DRUG PRODUCT (EXEMPT FROM APPROVAL REQUIREMENTS)","Nephron Sterile Compounding Center, LLC","METHACHOLINE CHLORIDE","16 mg/1 mL","69374-536-50","6 CARTON in 1 CASE (69374-536-50)  > 1 VIAL, PLASTIC in 1 CARTON > 3 mL in 1 VIAL, PLASTIC","2022-2, 2021-2, 2022-1",""
"69374-536","HUMAN COMPOUNDED DRUG","Methacholine Chloride 16mg/mL","SOLUTION","RESPIRATORY (INHALATION)","OUTSOURCING FACILITY COMPOUNDED HUMAN DRUG PRODUCT (EXEMPT FROM APPROVAL REQUIREMENTS)","Nephron Sterile Compounding Center, LLC","METHACHOLINE CHLORIDE","16 mg/1 mL","69374-536-50","6 CARTON in 1 CASE (69374-536-50)  > 1 VIAL, PLASTIC in 1 CARTON > 3 mL in 1 VIAL, PLASTIC","2022-2, 2021-2, 2022-1",""
"69374-537","HUMAN COMPOUNDED DRUG","Methacholine Chloride 0.0625mg/mL","SOLUTION","RESPIRATORY (INHALATION)","OUTSOURCING FACILITY COMPOUNDED HUMAN DRUG PRODUCT (EXEMPT FROM APPROVAL REQUIREMENTS)","Nephron Sterile Compounding Center, LLC","METHACHOLINE CHLORIDE",".0625 mg/1 mL","69374-537-03","6 CARTON in 1 CASE (69374-537-03)  > 1 VIAL, PLASTIC in 1 CARTON > 3 mL in 1 VIAL, PLASTIC","2022-2, 2021-2, 2022-1",""
"69374-537","HUMAN COMPOUNDED DRUG","Methacholine Chloride 0.0625mg/mL","SOLUTION","RESPIRATORY (INHALATION)","OUTSOURCING FACILITY COMPOUNDED HUMAN DRUG PRODUCT (EXEMPT FROM APPROVAL REQUIREMENTS)","Nephron Sterile Compounding Center, LLC","METHACHOLINE CHLORIDE",".0625 mg/1 mL","69374-537-03","6 CARTON in 1 CASE (69374-537-03)  > 1 VIAL, PLASTIC in 1 CARTON > 3 mL in 1 VIAL, PLASTIC","2022-2, 2021-2, 2022-1",""
"69374-537","HUMAN COMPOUNDED DRUG","Methacholine Chloride 0.0625mg/mL","SOLUTION","RESPIRATORY (INHALATION)","OUTSOURCING FACILITY COMPOUNDED HUMAN DRUG PRODUCT (EXEMPT FROM APPROVAL REQUIREMENTS)","Nephron Sterile Compounding Center, LLC","METHACHOLINE CHLORIDE",".0625 mg/1 mL","69374-537-03","6 CARTON in 1 CASE (69374-537-03)  > 1 VIAL, PLASTIC in 1 CARTON > 3 mL in 1 VIAL, PLASTIC","2022-2, 2021-2, 2022-1",""
"69374-538","HUMAN COMPOUNDED DRUG","Methacholine Chloride 0.25mg/mL","SOLUTION","RESPIRATORY (INHALATION)","OUTSOURCING FACILITY COMPOUNDED HUMAN DRUG PRODUCT (EXEMPT FROM APPROVAL REQUIREMENTS)","Nephron Sterile Compounding Center, LLC","METHACHOLINE CHLORIDE",".25 mg/1 mL","69374-538-03","6 CARTON in 1 CASE (69374-538-03)  > 1 VIAL, PLASTIC in 1 CARTON > 3 mL in 1 VIAL, PLASTIC","2022-2, 2021-2, 2022-1",""
"69374-538","HUMAN COMPOUNDED DRUG","Methacholine Chloride 0.25mg/mL","SOLUTION","RESPIRATORY (INHALATION)","OUTSOURCING FACILITY COMPOUNDED HUMAN DRUG PRODUCT (EXEMPT FROM APPROVAL REQUIREMENTS)","Nephron Sterile Compounding Center, LLC","METHACHOLINE CHLORIDE",".25 mg/1 mL","69374-538-03","6 CARTON in 1 CASE (69374-538-03)  > 1 VIAL, PLASTIC in 1 CARTON > 3 mL in 1 VIAL, PLASTIC","2022-2, 2021-2, 2022-1",""
"69374-538","HUMAN COMPOUNDED DRUG","Methacholine Chloride 0.25mg/mL","SOLUTION","RESPIRATORY (INHALATION)","OUTSOURCING FACILITY COMPOUNDED HUMAN DRUG PRODUCT (EXEMPT FROM APPROVAL REQUIREMENTS)","Nephron Sterile Compounding Center, LLC","METHACHOLINE CHLORIDE",".25 mg/1 mL","69374-538-03","6 CARTON in 1 CASE (69374-538-03)  > 1 VIAL, PLASTIC in 1 CARTON > 3 mL in 1 VIAL, PLASTIC","2022-2, 2021-2, 2022-1",""
"69374-539","HUMAN COMPOUNDED DRUG","Methacholine Chloride 1mg/mL","SOLUTION","RESPIRATORY (INHALATION)","OUTSOURCING FACILITY COMPOUNDED HUMAN DRUG PRODUCT (EXEMPT FROM APPROVAL REQUIREMENTS)","Nephron Sterile Compounding Center, LLC","METHACHOLINE CHLORIDE","1 mg/1 mL","69374-539-03","6 CARTON in 1 CASE (69374-539-03)  > 1 VIAL, PLASTIC in 1 CARTON > 3 mL in 1 VIAL, PLASTIC","2022-2, 2021-2, 2022-1",""
"69374-539","HUMAN COMPOUNDED DRUG","Methacholine Chloride 1mg/mL","SOLUTION","RESPIRATORY (INHALATION)","OUTSOURCING FACILITY COMPOUNDED HUMAN DRUG PRODUCT (EXEMPT FROM APPROVAL REQUIREMENTS)","Nephron Sterile Compounding Center, LLC","METHACHOLINE CHLORIDE","1 mg/1 mL","69374-539-03","6 CARTON in 1 CASE (69374-539-03)  > 1 VIAL, PLASTIC in 1 CARTON > 3 mL in 1 VIAL, PLASTIC","2022-2, 2021-2, 2022-1",""
"69374-539","HUMAN COMPOUNDED DRUG","Methacholine Chloride 1mg/mL","SOLUTION","RESPIRATORY (INHALATION)","OUTSOURCING FACILITY COMPOUNDED HUMAN DRUG PRODUCT (EXEMPT FROM APPROVAL REQUIREMENTS)","Nephron Sterile Compounding Center, LLC","METHACHOLINE CHLORIDE","1 mg/1 mL","69374-539-03","6 CARTON in 1 CASE (69374-539-03)  > 1 VIAL, PLASTIC in 1 CARTON > 3 mL in 1 VIAL, PLASTIC","2022-2, 2021-2, 2022-1",""
"69374-540","HUMAN COMPOUNDED DRUG","Methacholine Chloride 4mg/mL","SOLUTION","RESPIRATORY (INHALATION)","OUTSOURCING FACILITY COMPOUNDED HUMAN DRUG PRODUCT (EXEMPT FROM APPROVAL REQUIREMENTS)","Nephron Sterile Compounding Center, LLC","METHACHOLINE CHLORIDE","4 mg/1 mL","69374-540-03","6 CARTON in 1 CASE (69374-540-03)  > 1 VIAL, PLASTIC in 1 CARTON > 3 mL in 1 VIAL, PLASTIC","2022-2, 2021-2, 2022-1",""
"69374-540","HUMAN COMPOUNDED DRUG","Methacholine Chloride 4mg/mL","SOLUTION","RESPIRATORY (INHALATION)","OUTSOURCING FACILITY COMPOUNDED HUMAN DRUG PRODUCT (EXEMPT FROM APPROVAL REQUIREMENTS)","Nephron Sterile Compounding Center, LLC","METHACHOLINE CHLORIDE","4 mg/1 mL","69374-540-03","6 CARTON in 1 CASE (69374-540-03)  > 1 VIAL, PLASTIC in 1 CARTON > 3 mL in 1 VIAL, PLASTIC","2022-2, 2021-2, 2022-1",""
"69374-540","HUMAN COMPOUNDED DRUG","Methacholine Chloride 4mg/mL","SOLUTION","RESPIRATORY (INHALATION)","OUTSOURCING FACILITY COMPOUNDED HUMAN DRUG PRODUCT (EXEMPT FROM APPROVAL REQUIREMENTS)","Nephron Sterile Compounding Center, LLC","METHACHOLINE CHLORIDE","4 mg/1 mL","69374-540-03","6 CARTON in 1 CASE (69374-540-03)  > 1 VIAL, PLASTIC in 1 CARTON > 3 mL in 1 VIAL, PLASTIC","2022-2, 2021-2, 2022-1",""
"69374-541","HUMAN COMPOUNDED DRUG","Methacholine Chloride 0mg/3mL","SOLUTION","RESPIRATORY (INHALATION)","OUTSOURCING FACILITY COMPOUNDED HUMAN DRUG PRODUCT (EXEMPT FROM APPROVAL REQUIREMENTS)","Nephron Sterile Compounding Center, LLC","","","69374-541-03","6 CARTON in 1 CASE (69374-541-03)  > 1 VIAL, PLASTIC in 1 CARTON > 3 mL in 1 VIAL, PLASTIC","2022-2, 2022-1, 2021-2",""
"69374-541","HUMAN COMPOUNDED DRUG","Methacholine Chloride 0mg/3mL","SOLUTION","RESPIRATORY (INHALATION)","OUTSOURCING FACILITY COMPOUNDED HUMAN DRUG PRODUCT (EXEMPT FROM APPROVAL REQUIREMENTS)","Nephron Sterile Compounding Center, LLC","","","69374-541-03","6 CARTON in 1 CASE (69374-541-03)  > 1 VIAL, PLASTIC in 1 CARTON > 3 mL in 1 VIAL, PLASTIC","2022-2, 2022-1, 2021-2",""
"69374-541","HUMAN COMPOUNDED DRUG","Methacholine Chloride 0mg/3mL","SOLUTION","RESPIRATORY (INHALATION)","OUTSOURCING FACILITY COMPOUNDED HUMAN DRUG PRODUCT (EXEMPT FROM APPROVAL REQUIREMENTS)","Nephron Sterile Compounding Center, LLC","","","69374-541-03","6 CARTON in 1 CASE (69374-541-03)  > 1 VIAL, PLASTIC in 1 CARTON > 3 mL in 1 VIAL, PLASTIC","2022-2, 2022-1, 2021-2",""
"69374-543","HUMAN COMPOUNDED DRUG","Oxytocin 30 units / 500 mL NS","INJECTION, SOLUTION","INTRAVENOUS","OUTSOURCING FACILITY COMPOUNDED HUMAN DRUG PRODUCT (EXEMPT FROM APPROVAL REQUIREMENTS)","Nephron Sterile Compounding Center, LLC","OXYTOCIN",".06 [iU]/1 mL","69374-543-50","10 BAG in 1 CASE (69374-543-50)  > 500 mL in 1 BAG","2022-1",""
"69374-544","HUMAN COMPOUNDED DRUG","Epinephrine 10 mcg/1mL","INJECTION, SOLUTION","INTRAVENOUS","OUTSOURCING FACILITY COMPOUNDED HUMAN DRUG PRODUCT (EXEMPT FROM APPROVAL REQUIREMENTS)","Nephron Sterile Compounding Center, LLC","EPINEPHRINE HYDROCHLORIDE","10 ug/1 mL","69374-544-10","6 CARTON in 1 CASE (69374-544-10)  > 5 SYRINGE, PLASTIC in 1 CARTON > 10 mL in 1 SYRINGE, PLASTIC","2022-1",""
"69374-559","HUMAN COMPOUNDED DRUG","Hydromorphone Hydrochloride 1mg/1mL","INJECTION, SOLUTION","INTRAVENOUS","OUTSOURCING FACILITY COMPOUNDED HUMAN DRUG PRODUCT (EXEMPT FROM APPROVAL REQUIREMENTS)","Nephron Sterile Compounding Center, LLC","HYDROMORPHONE HYDROCHLORIDE","1 mg/1 mL","69374-559-30","6 CARTON in 1 CASE (69374-559-30)  > 5 SYRINGE, PLASTIC in 1 CARTON > 30 mL in 1 SYRINGE, PLASTIC","2022-2, 2022-1","CII"
"69374-559","HUMAN COMPOUNDED DRUG","Hydromorphone Hydrochloride 1mg/1mL","INJECTION, SOLUTION","INTRAVENOUS","OUTSOURCING FACILITY COMPOUNDED HUMAN DRUG PRODUCT (EXEMPT FROM APPROVAL REQUIREMENTS)","Nephron Sterile Compounding Center, LLC","HYDROMORPHONE HYDROCHLORIDE","1 mg/1 mL","69374-559-30","6 CARTON in 1 CASE (69374-559-30)  > 5 SYRINGE, PLASTIC in 1 CARTON > 30 mL in 1 SYRINGE, PLASTIC","2022-2, 2022-1","CII"
"69374-559","HUMAN COMPOUNDED DRUG","Hydromorphone Hydrochloride 1mg/1mL","INJECTION, SOLUTION","INTRAVENOUS","OUTSOURCING FACILITY COMPOUNDED HUMAN DRUG PRODUCT (EXEMPT FROM APPROVAL REQUIREMENTS)","Nephron Sterile Compounding Center, LLC","HYDROMORPHONE HYDROCHLORIDE","1 mg/1 mL","69374-559-50","6 CARTON in 1 CASE (69374-559-50)  > 5 SYRINGE, PLASTIC in 1 CARTON > 50 mL in 1 SYRINGE, PLASTIC","2022-2, 2022-1","CII"
"69374-559","HUMAN COMPOUNDED DRUG","Hydromorphone Hydrochloride 1mg/1mL","INJECTION, SOLUTION","INTRAVENOUS","OUTSOURCING FACILITY COMPOUNDED HUMAN DRUG PRODUCT (EXEMPT FROM APPROVAL REQUIREMENTS)","Nephron Sterile Compounding Center, LLC","HYDROMORPHONE HYDROCHLORIDE","1 mg/1 mL","69374-559-50","6 CARTON in 1 CASE (69374-559-50)  > 5 SYRINGE, PLASTIC in 1 CARTON > 50 mL in 1 SYRINGE, PLASTIC","2022-2, 2022-1","CII"
"69374-902","HUMAN COMPOUNDED DRUG","PF-Neostigmine Methylsulfate 5mg/5ml","INJECTION, SOLUTION","INTRAVENOUS","OUTSOURCING FACILITY COMPOUNDED HUMAN DRUG PRODUCT (EXEMPT FROM APPROVAL REQUIREMENTS)","Nephron Sterile Compounding Center, LLC","NEOSTIGMINE METHYLSULFATE","1 mg/1 mL","69374-902-05","6 CARTON in 1 CASE (69374-902-05)  > 5 SYRINGE, PLASTIC in 1 CARTON > 5 mL in 1 SYRINGE, PLASTIC","2022-2, 2022-1",""
"69374-902","HUMAN COMPOUNDED DRUG","PF-Neostigmine Methylsulfate 5mg/5ml","INJECTION, SOLUTION","INTRAVENOUS","OUTSOURCING FACILITY COMPOUNDED HUMAN DRUG PRODUCT (EXEMPT FROM APPROVAL REQUIREMENTS)","Nephron Sterile Compounding Center, LLC","NEOSTIGMINE METHYLSULFATE","1 mg/1 mL","69374-902-05","6 CARTON in 1 CASE (69374-902-05)  > 5 SYRINGE, PLASTIC in 1 CARTON > 5 mL in 1 SYRINGE, PLASTIC","2022-2, 2022-1",""
"69374-902","HUMAN COMPOUNDED DRUG","PF-Neostigmine Methylsulfate 5mg/5ml","INJECTION, SOLUTION","INTRAVENOUS","OUTSOURCING FACILITY COMPOUNDED HUMAN DRUG PRODUCT (EXEMPT FROM APPROVAL REQUIREMENTS)","Nephron Sterile Compounding Center, LLC","NEOSTIGMINE METHYLSULFATE","1 mg/1 mL","69374-902-35","30 CARTON in 1 CASE (69374-902-35)  > 30 VIAL, PLASTIC in 1 CARTON > 5 mL in 1 VIAL, PLASTIC","2022-2",""
"69374-903","HUMAN COMPOUNDED DRUG","PF-Glycopyrrolate 1mg/5ml","INJECTION, SOLUTION","INTRAVENOUS","OUTSOURCING FACILITY COMPOUNDED HUMAN DRUG PRODUCT (EXEMPT FROM APPROVAL REQUIREMENTS)","Nephron Sterile Compounding Center, LLC","GLYCOPYRROLATE",".2 mg/1 mL","69374-903-03","6 CARTON in 1 CASE (69374-903-03)  > 5 SYRINGE, PLASTIC in 1 CARTON > 3 mL in 1 SYRINGE, PLASTIC","2022-1",""
"69374-903","HUMAN COMPOUNDED DRUG","PF-Glycopyrrolate 1mg/5ml","INJECTION, SOLUTION","INTRAVENOUS","OUTSOURCING FACILITY COMPOUNDED HUMAN DRUG PRODUCT (EXEMPT FROM APPROVAL REQUIREMENTS)","Nephron Sterile Compounding Center, LLC","GLYCOPYRROLATE",".2 mg/1 mL","69374-903-05","6 CARTON in 1 CASE (69374-903-05)  > 5 SYRINGE, PLASTIC in 1 CARTON > 5 mL in 1 SYRINGE, PLASTIC","2022-1",""
"69374-906","HUMAN COMPOUNDED DRUG","Sodium Citrate 4% 40mg/mL (200mg/5mL)","INJECTION, SOLUTION","INTRAVENOUS","OUTSOURCING FACILITY COMPOUNDED HUMAN DRUG PRODUCT (EXEMPT FROM APPROVAL REQUIREMENTS)","Nephron Sterile Compounding Center, LLC","SODIUM CITRATE","40 mg/1 mL","69374-906-05","6 CARTON in 1 CASE (69374-906-05)  > 5 SYRINGE, PLASTIC in 1 CARTON > 5 mL in 1 SYRINGE, PLASTIC","2022-2, 2022-1",""
"69374-906","HUMAN COMPOUNDED DRUG","Sodium Citrate 4% 40mg/mL (200mg/5mL)","INJECTION, SOLUTION","INTRAVENOUS","OUTSOURCING FACILITY COMPOUNDED HUMAN DRUG PRODUCT (EXEMPT FROM APPROVAL REQUIREMENTS)","Nephron Sterile Compounding Center, LLC","SODIUM CITRATE","40 mg/1 mL","69374-906-05","6 CARTON in 1 CASE (69374-906-05)  > 5 SYRINGE, PLASTIC in 1 CARTON > 5 mL in 1 SYRINGE, PLASTIC","2022-2, 2022-1",""
"69374-910","HUMAN COMPOUNDED DRUG","Trisodium Citrate 0.5 (0.5/4L)","INJECTION, SOLUTION","INTRAVENOUS","OUTSOURCING FACILITY COMPOUNDED HUMAN DRUG PRODUCT (EXEMPT FROM APPROVAL REQUIREMENTS)","Nephron Sterile Compounding Center, LLC","TRISODIUM CITRATE DIHYDRATE","5.3 g/1 L","69374-910-04","2 BAG in 1 BAG (69374-910-04)  > 1 BAG in 1 BAG > 4 L in 1 BAG","2022-1",""
"69374-914","HUMAN COMPOUNDED DRUG","8.4% Sodium Bicarbonate 1mEq/mL","INJECTION, SOLUTION","INTRAVENOUS","OUTSOURCING FACILITY COMPOUNDED HUMAN DRUG PRODUCT (EXEMPT FROM APPROVAL REQUIREMENTS)","Nephron Sterile Compounding Center, LLC","SODIUM BICARBONATE","84 mg/1 mL","69374-914-50","6 CARTON in 1 CASE (69374-914-50)  > 5 SYRINGE, PLASTIC in 1 CARTON > 50 mL in 1 SYRINGE, PLASTIC","2022-1",""
"69374-919","HUMAN COMPOUNDED DRUG","PF- Succinylcholine Chloride 20mg/mL (200mg/10mL)","INJECTION, SOLUTION","INTRAVENOUS","OUTSOURCING FACILITY COMPOUNDED HUMAN DRUG PRODUCT (EXEMPT FROM APPROVAL REQUIREMENTS)","Nephron Sterile Compounding Center, LLC","SUCCINYLCHOLINE CHLORIDE","20 mg/1 mL","69374-919-10","6 CARTON in 1 CASE (69374-919-10)  > 5 SYRINGE, PLASTIC in 1 CARTON > 10 mL in 1 SYRINGE, PLASTIC","2022-1",""
"69374-920","HUMAN COMPOUNDED DRUG","PF-Succinylcholine Chloride 20mg/mL (100mg/5mL)","INJECTION, SOLUTION","INTRAVENOUS","OUTSOURCING FACILITY COMPOUNDED HUMAN DRUG PRODUCT (EXEMPT FROM APPROVAL REQUIREMENTS)","Nephron Sterile Compounding Center, LLC","SUCCINYLCHOLINE CHLORIDE","20 mg/1 mL","69374-920-05","6 CARTON in 1 CASE (69374-920-05)  > 5 SYRINGE, PLASTIC in 1 CARTON > 5 mL in 1 SYRINGE, PLASTIC","2022-1",""
"69374-924","HUMAN COMPOUNDED DRUG","PF-Rocuronium Bromide 50mg/mL (50mg/5mL)","INJECTION, SOLUTION","INTRAVENOUS","OUTSOURCING FACILITY COMPOUNDED HUMAN DRUG PRODUCT (EXEMPT FROM APPROVAL REQUIREMENTS)","Nephron Sterile Compounding Center, LLC","ROCURONIUM BROMIDE","10 mg/1 mL","69374-924-05","6 CARTON in 1 CASE (69374-924-05)  > 5 SYRINGE, PLASTIC in 1 CARTON > 5 mL in 1 SYRINGE, PLASTIC","2022-2, 2022-1",""
"69374-924","HUMAN COMPOUNDED DRUG","PF-Rocuronium Bromide 50mg/mL (50mg/5mL)","INJECTION, SOLUTION","INTRAVENOUS","OUTSOURCING FACILITY COMPOUNDED HUMAN DRUG PRODUCT (EXEMPT FROM APPROVAL REQUIREMENTS)","Nephron Sterile Compounding Center, LLC","ROCURONIUM BROMIDE","10 mg/1 mL","69374-924-05","6 CARTON in 1 CASE (69374-924-05)  > 5 SYRINGE, PLASTIC in 1 CARTON > 5 mL in 1 SYRINGE, PLASTIC","2022-2, 2022-1",""
"69374-925","HUMAN COMPOUNDED DRUG","Epinephrine 0.1mg/mL (1mg/10mL)","INJECTION, SOLUTION","INTRAVENOUS","OUTSOURCING FACILITY COMPOUNDED HUMAN DRUG PRODUCT (EXEMPT FROM APPROVAL REQUIREMENTS)","Nephron Sterile Compounding Center, LLC","EPINEPHRINE","1 mg/10 mL","69374-925-10","6 CARTON in 1 CASE (69374-925-10)  > 5 SYRINGE, PLASTIC in 1 CARTON > 10 mL in 1 SYRINGE, PLASTIC","2022-1",""
"69374-932","HUMAN COMPOUNDED DRUG","PF-Neostigmine Methylsulfate 3mg/3ml","INJECTION, SOLUTION","INTRAVENOUS","OUTSOURCING FACILITY COMPOUNDED HUMAN DRUG PRODUCT (EXEMPT FROM APPROVAL REQUIREMENTS)","Nephron Sterile Compounding Center, LLC","NEOSTIGMINE METHYLSULFATE","1 mg/1 mL","69374-932-03","6 CARTON in 1 CASE (69374-932-03)  > 5 SYRINGE, PLASTIC in 1 CARTON > 3 mL in 1 SYRINGE, PLASTIC","2022-1",""
"69374-932","HUMAN COMPOUNDED DRUG","PF-Neostigmine Methylsulfate 3mg/3ml","INJECTION, SOLUTION","INTRAVENOUS","OUTSOURCING FACILITY COMPOUNDED HUMAN DRUG PRODUCT (EXEMPT FROM APPROVAL REQUIREMENTS)","Nephron Sterile Compounding Center, LLC","NEOSTIGMINE METHYLSULFATE","1 mg/1 mL","69374-932-33","6 CARTON in 1 CASE (69374-932-33)  > 5 VIAL in 1 CARTON > 3 mL in 1 VIAL","2022-2, 2022-1",""
"69374-932","HUMAN COMPOUNDED DRUG","PF-Neostigmine Methylsulfate 3mg/3ml","INJECTION, SOLUTION","INTRAVENOUS","OUTSOURCING FACILITY COMPOUNDED HUMAN DRUG PRODUCT (EXEMPT FROM APPROVAL REQUIREMENTS)","Nephron Sterile Compounding Center, LLC","NEOSTIGMINE METHYLSULFATE","1 mg/1 mL","69374-932-33","6 CARTON in 1 CASE (69374-932-33)  > 5 VIAL in 1 CARTON > 3 mL in 1 VIAL","2022-2, 2022-1",""
"69374-935","HUMAN COMPOUNDED DRUG","PF-Atropine Sulfate 1.2mg/3ml","INJECTION, SOLUTION","INTRAVENOUS","OUTSOURCING FACILITY COMPOUNDED HUMAN DRUG PRODUCT (EXEMPT FROM APPROVAL REQUIREMENTS)","Nephron Sterile Compounding Center, LLC","ATROPINE",".4 mg/1 mL","69374-935-03","6 CARTON in 1 CASE (69374-935-03)  > 5 SYRINGE, PLASTIC in 1 CARTON > 3 mL in 1 SYRINGE, PLASTIC","2022-2, 2022-1",""
"69374-935","HUMAN COMPOUNDED DRUG","PF-Atropine Sulfate 1.2mg/3ml","INJECTION, SOLUTION","INTRAVENOUS","OUTSOURCING FACILITY COMPOUNDED HUMAN DRUG PRODUCT (EXEMPT FROM APPROVAL REQUIREMENTS)","Nephron Sterile Compounding Center, LLC","ATROPINE",".4 mg/1 mL","69374-935-03","6 CARTON in 1 CASE (69374-935-03)  > 5 SYRINGE, PLASTIC in 1 CARTON > 3 mL in 1 SYRINGE, PLASTIC","2022-2, 2022-1",""
"69374-942","HUMAN COMPOUNDED DRUG","PF-Neostigmine Methylsulfate 4mg/4mL","INJECTION, SOLUTION","INTRAVENOUS","OUTSOURCING FACILITY COMPOUNDED HUMAN DRUG PRODUCT (EXEMPT FROM APPROVAL REQUIREMENTS)","Nephron Sterile Compounding Center, LLC","NEOSTIGMINE METHYLSULFATE","1 mg/1 mL","69374-942-04","6 CARTON in 1 CASE (69374-942-04)  > 5 SYRINGE, PLASTIC in 1 CARTON > 4 mL in 1 SYRINGE, PLASTIC","2022-1",""
"69374-946","HUMAN COMPOUNDED DRUG","PF-Labetalol Hydrochloride Injection 5mg/mL (20mg/4mL)","INJECTION, SOLUTION","INTRAVENOUS","OUTSOURCING FACILITY COMPOUNDED HUMAN DRUG PRODUCT (EXEMPT FROM APPROVAL REQUIREMENTS)","Nephron Sterile Compounding Center, LLC","LABETALOL HYDROCHLORIDE","5 mg/1 mL","69374-946-04","6 CARTON in 1 CASE (69374-946-04)  > 5 SYRINGE, PLASTIC in 1 CARTON > 4 mL in 1 SYRINGE, PLASTIC","2022-1",""
"69374-946","HUMAN COMPOUNDED DRUG","PF-Labetalol Hydrochloride Injection 5mg/mL (20mg/4mL)","INJECTION, SOLUTION","INTRAVENOUS","OUTSOURCING FACILITY COMPOUNDED HUMAN DRUG PRODUCT (EXEMPT FROM APPROVAL REQUIREMENTS)","Nephron Sterile Compounding Center, LLC","LABETALOL HYDROCHLORIDE","5 mg/1 mL","69374-946-34","30 CARTON in 1 CASE (69374-946-34)  > 30 VIAL, PLASTIC in 1 CARTON > 4 mL in 1 VIAL, PLASTIC","2022-2, 2022-1",""
"69374-946","HUMAN COMPOUNDED DRUG","PF-Labetalol Hydrochloride Injection 5mg/mL (20mg/4mL)","INJECTION, SOLUTION","INTRAVENOUS","OUTSOURCING FACILITY COMPOUNDED HUMAN DRUG PRODUCT (EXEMPT FROM APPROVAL REQUIREMENTS)","Nephron Sterile Compounding Center, LLC","LABETALOL HYDROCHLORIDE","5 mg/1 mL","69374-946-34","30 CARTON in 1 CASE (69374-946-34)  > 30 VIAL, PLASTIC in 1 CARTON > 4 mL in 1 VIAL, PLASTIC","2022-2, 2022-1",""
"69374-947","HUMAN COMPOUNDED DRUG","Buffered Lidocaine Hydrochloride 0.9%","INJECTION, SOLUTION","INTRADERMAL","OUTSOURCING FACILITY COMPOUNDED HUMAN DRUG PRODUCT (EXEMPT FROM APPROVAL REQUIREMENTS)","Nephron Sterile Compounding Center, LLC","LIDOCAINE HYDROCHLORIDE","9 mg/1 mL","69374-947-50","6 CARTON in 1 CASE (69374-947-50)  > 5 SYRINGE, PLASTIC in 1 CARTON > 5 mL in 1 SYRINGE, PLASTIC","2022-1",""
"69374-949","HUMAN COMPOUNDED DRUG","Lidocaine Hydrochloride 2% 20mg/mL (100mg/5mL)","INJECTION, SOLUTION","INTRAVENOUS","OUTSOURCING FACILITY COMPOUNDED HUMAN DRUG PRODUCT (EXEMPT FROM APPROVAL REQUIREMENTS)","Nephron Sterile Compounding Center, LLC","LIDOCAINE HYDROCHLORIDE","20 mg/1 mL","69374-949-05","6 CARTON in 1 CASE (69374-949-05)  > 5 SYRINGE in 1 CARTON > 5 mL in 1 SYRINGE","2022-1",""
"69374-949","HUMAN COMPOUNDED DRUG","Lidocaine Hydrochloride 2% 20mg/mL (100mg/5mL)","INJECTION, SOLUTION","INTRAVENOUS","OUTSOURCING FACILITY COMPOUNDED HUMAN DRUG PRODUCT (EXEMPT FROM APPROVAL REQUIREMENTS)","Nephron Sterile Compounding Center, LLC","LIDOCAINE HYDROCHLORIDE","20 mg/1 mL","69374-949-35","30 CARTON in 1 CASE (69374-949-35)  > 30 VIAL, PLASTIC in 1 CARTON > 5 mL in 1 VIAL, PLASTIC","2022-2",""
"69374-950","HUMAN COMPOUNDED DRUG","Calcium Gluconate 10% 100mg/mL (1000 mg/10 mL)","INJECTION, SOLUTION","INTRAVENOUS","OUTSOURCING FACILITY COMPOUNDED HUMAN DRUG PRODUCT (EXEMPT FROM APPROVAL REQUIREMENTS)","Nephron Sterile Compounding Center, LLC","CALCIUM GLUCONATE","100 mg/1 mL","69374-950-10","6 CARTON in 1 CASE (69374-950-10)  > 5 SYRINGE, PLASTIC in 1 CARTON > 10 mL in 1 SYRINGE, PLASTIC","2022-2, 2022-1",""
"69374-950","HUMAN COMPOUNDED DRUG","Calcium Gluconate 10% 100mg/mL (1000 mg/10 mL)","INJECTION, SOLUTION","INTRAVENOUS","OUTSOURCING FACILITY COMPOUNDED HUMAN DRUG PRODUCT (EXEMPT FROM APPROVAL REQUIREMENTS)","Nephron Sterile Compounding Center, LLC","CALCIUM GLUCONATE","100 mg/1 mL","69374-950-10","6 CARTON in 1 CASE (69374-950-10)  > 5 SYRINGE, PLASTIC in 1 CARTON > 10 mL in 1 SYRINGE, PLASTIC","2022-2, 2022-1",""
"69374-955","HUMAN COMPOUNDED DRUG","Phenylephrine Hydrochloride 40mcg/mL (0.4mg/10mL)","INJECTION, SOLUTION","INTRAVENOUS","OUTSOURCING FACILITY COMPOUNDED HUMAN DRUG PRODUCT (EXEMPT FROM APPROVAL REQUIREMENTS)","Nephron Sterile Compounding Center, LLC","PHENYLEPHRINE HYDROCHLORIDE",".4 mg/10 mL","69374-955-10","6 CARTON in 1 CASE (69374-955-10)  > 5 SYRINGE, PLASTIC in 1 CARTON > 10 mL in 1 SYRINGE, PLASTIC","2022-1",""
"69374-956","HUMAN COMPOUNDED DRUG","Phenylephrine Hydrochloride 80mcg/mL(0.8mg/10mL)","INJECTION, SOLUTION","INTRAVENOUS","OUTSOURCING FACILITY COMPOUNDED HUMAN DRUG PRODUCT (EXEMPT FROM APPROVAL REQUIREMENTS)","Nephron Sterile Compounding Center, LLC","PHENYLEPHRINE HYDROCHLORIDE","80 ug/1 mL","69374-956-10","6 CARTON in 1 CASE (69374-956-10)  > 5 SYRINGE, PLASTIC in 1 CARTON > 10 mL in 1 SYRINGE, PLASTIC","2022-1",""
"69374-957","HUMAN COMPOUNDED DRUG","Phenylephrine Hydrochloride 100mcg/mL (1mg/10mL)","INJECTION, SOLUTION","INTRAVENOUS","OUTSOURCING FACILITY COMPOUNDED HUMAN DRUG PRODUCT (EXEMPT FROM APPROVAL REQUIREMENTS)","Nephron Sterile Compounding Center, LLC","PHENYLEPHRINE HYDROCHLORIDE","100 ug/1 mL","69374-957-10","6 CARTON in 1 CASE (69374-957-10)  > 5 SYRINGE, PLASTIC in 1 CARTON > 10 mL in 1 SYRINGE, PLASTIC","2022-1",""
"69374-970","HUMAN COMPOUNDED DRUG","PF-Bupivacaine HCL 1.25mg/mL (62.5mg/50mL)","INJECTION, SOLUTION","INTRAVENOUS","OUTSOURCING FACILITY COMPOUNDED HUMAN DRUG PRODUCT (EXEMPT FROM APPROVAL REQUIREMENTS)","Nephron Sterile Compounding Center, LLC","BUPIVACAINE HYDROCHLORIDE","1.25 mg/1 mL","69374-970-05","10 BAG in 1 CASE (69374-970-05)  > 500 mL in 1 BAG","2022-1",""
"69374-970","HUMAN COMPOUNDED DRUG","PF-Bupivacaine HCL 1.25mg/mL (62.5mg/50mL)","INJECTION, SOLUTION","INTRAVENOUS","OUTSOURCING FACILITY COMPOUNDED HUMAN DRUG PRODUCT (EXEMPT FROM APPROVAL REQUIREMENTS)","Nephron Sterile Compounding Center, LLC","BUPIVACAINE HYDROCHLORIDE","1.25 mg/1 mL","69374-970-50","6 SYRINGE, PLASTIC in 1 CASE (69374-970-50)  > 50 mL in 1 SYRINGE, PLASTIC","2022-2, 2022-1",""
"69374-970","HUMAN COMPOUNDED DRUG","PF-Bupivacaine HCL 1.25mg/mL (62.5mg/50mL)","INJECTION, SOLUTION","INTRAVENOUS","OUTSOURCING FACILITY COMPOUNDED HUMAN DRUG PRODUCT (EXEMPT FROM APPROVAL REQUIREMENTS)","Nephron Sterile Compounding Center, LLC","BUPIVACAINE HYDROCHLORIDE","1.25 mg/1 mL","69374-970-50","6 SYRINGE, PLASTIC in 1 CASE (69374-970-50)  > 50 mL in 1 SYRINGE, PLASTIC","2022-2, 2022-1",""
"69374-979","HUMAN COMPOUNDED DRUG","PF-Morphine Sulfate 2 mg/2 mL (1 mg/mL)","INJECTION, SOLUTION","INTRAVENOUS","OUTSOURCING FACILITY COMPOUNDED HUMAN DRUG PRODUCT (EXEMPT FROM APPROVAL REQUIREMENTS)","Nephron Sterile Compounding Center, LLC","MORPHINE SULFATE","1 mg/1 mL","69374-979-01","6 CARTON in 1 CASE (69374-979-01)  > 5 SYRINGE, GLASS in 1 CARTON > 1 mL in 1 SYRINGE, GLASS","2022-1","CII"
"69374-979","HUMAN COMPOUNDED DRUG","PF-Morphine Sulfate 2 mg/2 mL (1 mg/mL)","INJECTION, SOLUTION","INTRAVENOUS","OUTSOURCING FACILITY COMPOUNDED HUMAN DRUG PRODUCT (EXEMPT FROM APPROVAL REQUIREMENTS)","Nephron Sterile Compounding Center, LLC","MORPHINE SULFATE","1 mg/1 mL","69374-979-02","6 CARTON in 1 CASE (69374-979-02)  > 5 SYRINGE, PLASTIC in 1 CARTON > 2 mL in 1 SYRINGE, PLASTIC","2022-2, 2022-1","CII"
"69374-979","HUMAN COMPOUNDED DRUG","PF-Morphine Sulfate 2 mg/2 mL (1 mg/mL)","INJECTION, SOLUTION","INTRAVENOUS","OUTSOURCING FACILITY COMPOUNDED HUMAN DRUG PRODUCT (EXEMPT FROM APPROVAL REQUIREMENTS)","Nephron Sterile Compounding Center, LLC","MORPHINE SULFATE","1 mg/1 mL","69374-979-02","6 CARTON in 1 CASE (69374-979-02)  > 5 SYRINGE, PLASTIC in 1 CARTON > 2 mL in 1 SYRINGE, PLASTIC","2022-2, 2022-1","CII"
"69374-979","HUMAN COMPOUNDED DRUG","PF-Morphine Sulfate 2 mg/2 mL (1 mg/mL)","INJECTION, SOLUTION","INTRAVENOUS","OUTSOURCING FACILITY COMPOUNDED HUMAN DRUG PRODUCT (EXEMPT FROM APPROVAL REQUIREMENTS)","Nephron Sterile Compounding Center, LLC","MORPHINE SULFATE","1 mg/1 mL","69374-979-30","6 CARTON in 1 CASE (69374-979-30)  > 5 SYRINGE, PLASTIC in 1 CARTON > 30 mL in 1 SYRINGE, PLASTIC","2022-2, 2022-1","CII"
"69374-979","HUMAN COMPOUNDED DRUG","PF-Morphine Sulfate 2 mg/2 mL (1 mg/mL)","INJECTION, SOLUTION","INTRAVENOUS","OUTSOURCING FACILITY COMPOUNDED HUMAN DRUG PRODUCT (EXEMPT FROM APPROVAL REQUIREMENTS)","Nephron Sterile Compounding Center, LLC","MORPHINE SULFATE","1 mg/1 mL","69374-979-30","6 CARTON in 1 CASE (69374-979-30)  > 5 SYRINGE, PLASTIC in 1 CARTON > 30 mL in 1 SYRINGE, PLASTIC","2022-2, 2022-1","CII"
"69374-979","HUMAN COMPOUNDED DRUG","PF-Morphine Sulfate 2 mg/2 mL (1 mg/mL)","INJECTION, SOLUTION","INTRAVENOUS","OUTSOURCING FACILITY COMPOUNDED HUMAN DRUG PRODUCT (EXEMPT FROM APPROVAL REQUIREMENTS)","Nephron Sterile Compounding Center, LLC","MORPHINE SULFATE","1 mg/1 mL","69374-979-50","6 CARTON in 1 CASE (69374-979-50)  > 5 SYRINGE, PLASTIC in 1 CARTON > 50 mL in 1 SYRINGE, PLASTIC","2022-2, 2022-1","CII"
"69374-979","HUMAN COMPOUNDED DRUG","PF-Morphine Sulfate 2 mg/2 mL (1 mg/mL)","INJECTION, SOLUTION","INTRAVENOUS","OUTSOURCING FACILITY COMPOUNDED HUMAN DRUG PRODUCT (EXEMPT FROM APPROVAL REQUIREMENTS)","Nephron Sterile Compounding Center, LLC","MORPHINE SULFATE","1 mg/1 mL","69374-979-50","6 CARTON in 1 CASE (69374-979-50)  > 5 SYRINGE, PLASTIC in 1 CARTON > 50 mL in 1 SYRINGE, PLASTIC","2022-2, 2022-1","CII"
"69374-982","HUMAN COMPOUNDED DRUG","Ketamine HCL 30 mg/3 mL","INJECTION, SOLUTION","INTRAVENOUS","OUTSOURCING FACILITY COMPOUNDED HUMAN DRUG PRODUCT (EXEMPT FROM APPROVAL REQUIREMENTS)","Nephron Sterile Compounding Center, LLC","KETAMINE HYDROCHLORIDE","30 mg/3 mL","69374-982-33","5 SYRINGE, PLASTIC in 1 CASE (69374-982-33)  > 3 mL in 1 SYRINGE, PLASTIC","2022-2, 2022-1","CIII"
"69374-982","HUMAN COMPOUNDED DRUG","Ketamine HCL 30 mg/3 mL","INJECTION, SOLUTION","INTRAVENOUS","OUTSOURCING FACILITY COMPOUNDED HUMAN DRUG PRODUCT (EXEMPT FROM APPROVAL REQUIREMENTS)","Nephron Sterile Compounding Center, LLC","KETAMINE HYDROCHLORIDE","30 mg/3 mL","69374-982-33","5 SYRINGE, PLASTIC in 1 CASE (69374-982-33)  > 3 mL in 1 SYRINGE, PLASTIC","2022-2, 2022-1","CIII"
"69374-982","HUMAN COMPOUNDED DRUG","Ketamine HCL 30 mg/3 mL","INJECTION, SOLUTION","INTRAVENOUS","OUTSOURCING FACILITY COMPOUNDED HUMAN DRUG PRODUCT (EXEMPT FROM APPROVAL REQUIREMENTS)","Nephron Sterile Compounding Center, LLC","KETAMINE HYDROCHLORIDE","30 mg/3 mL","69374-982-55","5 SYRINGE, PLASTIC in 1 CASE (69374-982-55)  > 5 mL in 1 SYRINGE, PLASTIC","2022-2, 2022-1","CIII"
"69374-982","HUMAN COMPOUNDED DRUG","Ketamine HCL 30 mg/3 mL","INJECTION, SOLUTION","INTRAVENOUS","OUTSOURCING FACILITY COMPOUNDED HUMAN DRUG PRODUCT (EXEMPT FROM APPROVAL REQUIREMENTS)","Nephron Sterile Compounding Center, LLC","KETAMINE HYDROCHLORIDE","30 mg/3 mL","69374-982-55","5 SYRINGE, PLASTIC in 1 CASE (69374-982-55)  > 5 mL in 1 SYRINGE, PLASTIC","2022-2, 2022-1","CIII"
"69374-984","HUMAN COMPOUNDED DRUG","del Nido Cardioplegia","INJECTION, SOLUTION","INTRACARDIAC","OUTSOURCING FACILITY COMPOUNDED HUMAN DRUG PRODUCT (EXEMPT FROM APPROVAL REQUIREMENTS)","Nephron Sterile Compounding Center, LLC","SODIUM BICARBONATE; LIDOCAINE HYDROCHLORIDE; POTASSIUM CHLORIDE","1.04 g/1 mL; 123 mg/1 mL; 2.19 g/1 mL","69374-984-10","4 BAG in 1 CASE (69374-984-10)  > 1000 mL in 1 BAG","2022-2, 2022-1",""
"69374-984","HUMAN COMPOUNDED DRUG","del Nido Cardioplegia","INJECTION, SOLUTION","INTRACARDIAC","OUTSOURCING FACILITY COMPOUNDED HUMAN DRUG PRODUCT (EXEMPT FROM APPROVAL REQUIREMENTS)","Nephron Sterile Compounding Center, LLC","SODIUM BICARBONATE; LIDOCAINE HYDROCHLORIDE; POTASSIUM CHLORIDE","1.04 g/1 mL; 123 mg/1 mL; 2.19 g/1 mL","69374-984-10","4 BAG in 1 CASE (69374-984-10)  > 1000 mL in 1 BAG","2022-2, 2022-1",""
"69374-985","HUMAN COMPOUNDED DRUG","Lidocaine HCL 50 mg/5 mL","INJECTION, SOLUTION","INTRAVENOUS","OUTSOURCING FACILITY COMPOUNDED HUMAN DRUG PRODUCT (EXEMPT FROM APPROVAL REQUIREMENTS)","Nephron Sterile Compounding Center, LLC","LIDOCAINE HYDROCHLORIDE","50 mg/5 mL","69374-985-05","5 SYRINGE, PLASTIC in 1 CASE (69374-985-05)  > 5 mL in 1 SYRINGE, PLASTIC","2022-1",""
"69374-987","HUMAN COMPOUNDED DRUG","Ropivacaine Hydrochloride 200 mg/100 mL","INJECTION, SOLUTION","INFILTRATION","OUTSOURCING FACILITY COMPOUNDED HUMAN DRUG PRODUCT (EXEMPT FROM APPROVAL REQUIREMENTS)","Nephron Sterile Compounding Center, LLC","ROPIVACAINE HYDROCHLORIDE","2 mg/1 mL","69374-987-50","10 BAG in 1 CASE (69374-987-50)  > 500 mL in 1 BAG","2022-1",""
"69374-988","HUMAN COMPOUNDED DRUG","Amino Acid 50gm/1000ml","INJECTION, SOLUTION","INTRAVENOUS","OUTSOURCING FACILITY COMPOUNDED HUMAN DRUG PRODUCT (EXEMPT FROM APPROVAL REQUIREMENTS)","Nephron Sterile Compounding Center, LLC","LYSINE HYDROCHLORIDE; ARGININE HYDROCHLORIDE","5000 g/1 mL; 5000 g/1 mL","69374-988-10","2 BAG in 1 CASE (69374-988-10)  > 1000 mL in 1 BAG","2022-2, 2022-1",""
"69374-988","HUMAN COMPOUNDED DRUG","Amino Acid 50gm/1000ml","INJECTION, SOLUTION","INTRAVENOUS","OUTSOURCING FACILITY COMPOUNDED HUMAN DRUG PRODUCT (EXEMPT FROM APPROVAL REQUIREMENTS)","Nephron Sterile Compounding Center, LLC","LYSINE HYDROCHLORIDE; ARGININE HYDROCHLORIDE","5000 g/1 mL; 5000 g/1 mL","69374-988-10","2 BAG in 1 CASE (69374-988-10)  > 1000 mL in 1 BAG","2022-2, 2022-1",""
"69374-997","HUMAN COMPOUNDED DRUG","Diltiazem in 0.7% Saline 1mg/1mL","INJECTION, SOLUTION","INTRAVENOUS","OUTSOURCING FACILITY COMPOUNDED HUMAN DRUG PRODUCT (EXEMPT FROM APPROVAL REQUIREMENTS)","Nephron Sterile Compounding Center, LLC","DILTIAZEM HYDROCHLORIDE","1 mg/1 mL","69374-997-15","30 CARTON in 1 CASE (69374-997-15)  > 1 BOTTLE, PLASTIC in 1 CARTON > 125 mL in 1 BOTTLE, PLASTIC","2022-2, 2022-1",""
"69374-997","HUMAN COMPOUNDED DRUG","Diltiazem in 0.7% Saline 1mg/1mL","INJECTION, SOLUTION","INTRAVENOUS","OUTSOURCING FACILITY COMPOUNDED HUMAN DRUG PRODUCT (EXEMPT FROM APPROVAL REQUIREMENTS)","Nephron Sterile Compounding Center, LLC","DILTIAZEM HYDROCHLORIDE","1 mg/1 mL","69374-997-15","30 CARTON in 1 CASE (69374-997-15)  > 1 BOTTLE, PLASTIC in 1 CARTON > 125 mL in 1 BOTTLE, PLASTIC","2022-2, 2022-1",""