rxcui_from,tty_from,rxcui_to,tty_to
1663184,SBDF,583218,SBD
1663184,SBDF,583214,SCD
1663181,SCDF,583218,SBD
1663181,SCDF,583214,SCD
367771,SBDF,211194,SBD
367771,SBDF,238154,SCD
367776,SBDF,211189,SBD
367776,SBDF,238154,SCD
374751,SCDF,211189,SBD
374751,SCDF,211194,SBD
374751,SCDF,238154,SCD
374751,SCDF,240093,SCD
1012394,SBDF,1012381,SBD
1012394,SBDF,1012388,SBD
1012394,SBDF,1012377,SCD
1012394,SBDF,1012384,SCD
1012399,SBDF,1012400,SBD
1012399,SBDF,1012406,SBD
1012399,SBDF,1012396,SCD
1012399,SBDF,1012404,SCD
1012416,SBDF,1012413,SBD
1012416,SBDF,1012417,SBD
1012416,SBDF,1012377,SCD
1012416,SBDF,1012384,SCD
1673141,SBDF,1673142,SBD
1673141,SBDF,1670365,SCD
1673146,SBDF,1673242,SBD
1673146,SBDF,1673243,SBD
1673146,SBDF,1867612,SBD
1673146,SBDF,1867614,SBD
1673146,SBDF,1672917,SCD
1673146,SBDF,1672919,SCD
1673146,SBDF,1867594,SCD
1673146,SBDF,1867596,SCD
1673295,SBDF,1012421,SBD
1673295,SBDF,1673296,SBD
1673295,SBDF,1673298,SBD
1673295,SBDF,1867618,SBD
1673295,SBDF,1867620,SBD
1673295,SBDF,1012391,SCD
1673295,SBDF,1672917,SCD
1673295,SBDF,1672919,SCD
1673295,SBDF,1867594,SCD
1673295,SBDF,1867596,SCD
1719661,SBDF,1012461,SBD
1719661,SBDF,1670365,SCD
1724791,SBDF,1724792,SBD
1724791,SBDF,1724794,SBD
1724791,SBDF,1724796,SBD
1724791,SBDF,1725044,SBD
1724791,SBDF,1725046,SBD
1724791,SBDF,1725079,SBD
1724791,SBDF,1725083,SBD
1724791,SBDF,1724784,SCD
1724791,SBDF,1724786,SCD
1724791,SBDF,1724787,SCD
1724791,SBDF,1724880,SCD
1724791,SBDF,1724884,SCD
1724791,SBDF,1725078,SCD
1724791,SBDF,1725082,SCD
1724806,SBDF,1724807,SBD
1724806,SBDF,1724809,SBD
1724806,SBDF,1724810,SBD
1724806,SBDF,1724881,SBD
1724806,SBDF,1724885,SBD
1724806,SBDF,1725175,SBD
1724806,SBDF,1725177,SBD
1724806,SBDF,1724784,SCD
1724806,SBDF,1724786,SCD
1724806,SBDF,1724787,SCD
1724806,SBDF,1724880,SCD
1724806,SBDF,1724884,SCD
1724806,SBDF,1725078,SCD
1724806,SBDF,1725082,SCD
2285805,SBDF,1191513,SBD
2285805,SBDF,1745062,SBD
2285805,SBDF,1191508,SCD
2285805,SBDF,1745061,SCD
2395795,SBDF,2395798,BPCK
2395795,SBDF,2395792,GPCK
2395795,SBDF,2395797,SBD
2395795,SBDF,2395791,SCD
2560317,SBDF,2560306,SBD
2560317,SBDF,2560308,SBD
2560317,SBDF,2560312,SCD
2560317,SBDF,2560321,SCD
2563415,SBDF,2563417,SBD
2563415,SBDF,2563412,SCD
2566189,SBDF,2566190,SBD
2566189,SBDF,1745061,SCD
94058,SBDF,1012455,SBD
94058,SBDF,1012457,SBD
94058,SBDF,1012396,SCD
94058,SBDF,1012404,SCD
2654572,SBDFP,1012461,SBD
2654572,SBDFP,1670365,SCD
2654710,SBDFP,1012400,SBD
2654710,SBDFP,1012406,SBD
2654710,SBDFP,1012396,SCD
2654710,SBDFP,1012404,SCD
2655129,SBDFP,1012413,SBD
2655129,SBDFP,1012417,SBD
2655129,SBDFP,1012377,SCD
2655129,SBDFP,1012384,SCD
2655637,SBDFP,1673142,SBD
2655637,SBDFP,1670365,SCD
2656165,SBDFP,1191513,SBD
2656165,SBDFP,1745062,SBD
2656165,SBDFP,1191508,SCD
2656165,SBDFP,1745061,SCD
2657226,SBDFP,1012381,SBD
2657226,SBDFP,1012388,SBD
2657226,SBDFP,1012377,SCD
2657226,SBDFP,1012384,SCD
2657347,SBDFP,1724807,SBD
2657347,SBDFP,1724809,SBD
2657347,SBDFP,1724810,SBD
2657347,SBDFP,1724881,SBD
2657347,SBDFP,1724885,SBD
2657347,SBDFP,1725175,SBD
2657347,SBDFP,1725177,SBD
2657347,SBDFP,1724784,SCD
2657347,SBDFP,1724786,SCD
2657347,SBDFP,1724787,SCD
2657347,SBDFP,1724880,SCD
2657347,SBDFP,1724884,SCD
2657347,SBDFP,1725078,SCD
2657347,SBDFP,1725082,SCD
2657348,SBDFP,1724792,SBD
2657348,SBDFP,1724794,SBD
2657348,SBDFP,1724796,SBD
2657348,SBDFP,1725044,SBD
2657348,SBDFP,1725046,SBD
2657348,SBDFP,1725079,SBD
2657348,SBDFP,1725083,SBD
2657348,SBDFP,1724784,SCD
2657348,SBDFP,1724786,SCD
2657348,SBDFP,1724787,SCD
2657348,SBDFP,1724880,SCD
2657348,SBDFP,1724884,SCD
2657348,SBDFP,1725078,SCD
2657348,SBDFP,1725082,SCD
2658029,SBDFP,1673242,SBD
2658029,SBDFP,1673243,SBD
2658029,SBDFP,1867612,SBD
2658029,SBDFP,1867614,SBD
2658029,SBDFP,1672917,SCD
2658029,SBDFP,1672919,SCD
2658029,SBDFP,1867594,SCD
2658029,SBDFP,1867596,SCD
2658132,SBDFP,1012455,SBD
2658132,SBDFP,1012457,SBD
2658132,SBDFP,1012396,SCD
2658132,SBDFP,1012404,SCD
2658355,SBDFP,2566190,SBD
2658355,SBDFP,1745061,SCD
2658682,SBDFP,1012421,SBD
2658682,SBDFP,1673296,SBD
2658682,SBDFP,1673298,SBD
2658682,SBDFP,1867618,SBD
2658682,SBDFP,1867620,SBD
2658682,SBDFP,1012391,SCD
2658682,SBDFP,1672917,SCD
2658682,SBDFP,1672919,SCD
2658682,SBDFP,1867594,SCD
2658682,SBDFP,1867596,SCD
2659056,SBDFP,2395798,BPCK
2659056,SBDFP,2395792,GPCK
2659056,SBDFP,2395797,SBD
2659056,SBDFP,2395791,SCD
1670364,SCDF,1012461,SBD
1670364,SCDF,1673142,SBD
1670364,SCDF,1670365,SCD
1672916,SCDF,1012421,SBD
1672916,SCDF,1673242,SBD
1672916,SCDF,1673243,SBD
1672916,SCDF,1673296,SBD
1672916,SCDF,1673298,SBD
1672916,SCDF,1867612,SBD
1672916,SCDF,1867614,SBD
1672916,SCDF,1867618,SBD
1672916,SCDF,1867620,SBD
1672916,SCDF,1012391,SCD
1672916,SCDF,1672917,SCD
1672916,SCDF,1672919,SCD
1672916,SCDF,1867594,SCD
1672916,SCDF,1867596,SCD
1724783,SCDF,1191513,SBD
1724783,SCDF,1724792,SBD
1724783,SCDF,1724794,SBD
1724783,SCDF,1724796,SBD
1724783,SCDF,1724807,SBD
1724783,SCDF,1724809,SBD
1724783,SCDF,1724810,SBD
1724783,SCDF,1724881,SBD
1724783,SCDF,1724885,SBD
1724783,SCDF,1725044,SBD
1724783,SCDF,1725046,SBD
1724783,SCDF,1725079,SBD
1724783,SCDF,1725083,SBD
1724783,SCDF,1725175,SBD
1724783,SCDF,1725177,SBD
1724783,SCDF,1745062,SBD
1724783,SCDF,2563417,SBD
1724783,SCDF,2566190,SBD
1724783,SCDF,1191508,SCD
1724783,SCDF,1724784,SCD
1724783,SCDF,1724786,SCD
1724783,SCDF,1724787,SCD
1724783,SCDF,1724880,SCD
1724783,SCDF,1724884,SCD
1724783,SCDF,1725078,SCD
1724783,SCDF,1725082,SCD
1724783,SCDF,1725696,SCD
1724783,SCDF,1745061,SCD
1724783,SCDF,2178759,SCD
1724783,SCDF,2178760,SCD
1724783,SCDF,2563412,SCD
2395790,SCDF,2395798,BPCK
2395790,SCDF,2395792,GPCK
2395790,SCDF,2395797,SBD
2395790,SCDF,2395791,SCD
2560316,SCDF,2560306,SBD
2560316,SCDF,2560308,SBD
2560316,SCDF,2560312,SCD
2560316,SCDF,2560321,SCD
371160,SCDF,1012400,SBD
371160,SCDF,1012406,SBD
371160,SCDF,1012455,SBD
371160,SCDF,1012457,SBD
371160,SCDF,1012396,SCD
371160,SCDF,1012404,SCD
371160,SCDF,1012431,SCD
374372,SCDF,1012381,SBD
374372,SCDF,1012388,SBD
374372,SCDF,1012413,SBD
374372,SCDF,1012417,SBD
374372,SCDF,1012377,SCD
374372,SCDF,1012384,SCD
437117,SCDF,1012108,SCD
2645891,SCDFP,1012421,SBD
2645891,SCDFP,1673242,SBD
2645891,SCDFP,1673243,SBD
2645891,SCDFP,1673296,SBD
2645891,SCDFP,1673298,SBD
2645891,SCDFP,1867612,SBD
2645891,SCDFP,1867614,SBD
2645891,SCDFP,1867618,SBD
2645891,SCDFP,1867620,SBD
2645891,SCDFP,1012391,SCD
2645891,SCDFP,1672917,SCD
2645891,SCDFP,1672919,SCD
2645891,SCDFP,1867594,SCD
2645891,SCDFP,1867596,SCD
2645894,SCDFP,1724792,SBD
2645894,SCDFP,1724794,SBD
2645894,SCDFP,1724796,SBD
2645894,SCDFP,1724807,SBD
2645894,SCDFP,1724809,SBD
2645894,SCDFP,1724810,SBD
2645894,SCDFP,1724881,SBD
2645894,SCDFP,1724885,SBD
2645894,SCDFP,1725044,SBD
2645894,SCDFP,1725046,SBD
2645894,SCDFP,1725079,SBD
2645894,SCDFP,1725083,SBD
2645894,SCDFP,1725175,SBD
2645894,SCDFP,1725177,SBD
2645894,SCDFP,1724784,SCD
2645894,SCDFP,1724786,SCD
2645894,SCDFP,1724787,SCD
2645894,SCDFP,1724880,SCD
2645894,SCDFP,1724884,SCD
2645894,SCDFP,1725078,SCD
2645894,SCDFP,1725082,SCD
2645894,SCDFP,1725696,SCD
2645894,SCDFP,2178759,SCD
2645894,SCDFP,2178760,SCD
2646048,SCDFP,1191513,SBD
2646048,SCDFP,1745062,SBD
2646048,SCDFP,2566190,SBD
2646048,SCDFP,1191508,SCD
2646048,SCDFP,1745061,SCD
2646864,SCDFP,1012108,SCD
2647181,SCDFP,1012381,SBD
2647181,SCDFP,1012388,SBD
2647181,SCDFP,1012413,SBD
2647181,SCDFP,1012417,SBD
2647181,SCDFP,1012377,SCD
2647181,SCDFP,1012384,SCD
2647866,SCDFP,2395798,BPCK
2647866,SCDFP,2395792,GPCK
2647866,SCDFP,2395797,SBD
2647866,SCDFP,2395791,SCD
2648288,SCDFP,1012400,SBD
2648288,SCDFP,1012406,SBD
2648288,SCDFP,1012455,SBD
2648288,SCDFP,1012457,SBD
2648288,SCDFP,1012396,SCD
2648288,SCDFP,1012404,SCD
2648288,SCDFP,1012431,SCD
2648403,SCDFP,1012461,SBD
2648403,SCDFP,1673142,SBD
2648403,SCDFP,1670365,SCD
1734085,SBDF,1734086,SBD
1734085,SBDF,1734091,SBD
1734085,SBDF,1734204,SBD
1734085,SBDF,1734208,SBD
1734085,SBDF,1734348,SBD
1734085,SBDF,1734356,SBD
1734085,SBDF,1734476,SBD
1734085,SBDF,1734480,SBD
1734085,SBDF,1734482,SBD
1734085,SBDF,1734484,SBD
1734085,SBDF,905191,SBD
1734085,SBDF,1734084,SCD
1734085,SBDF,1734090,SCD
1734085,SBDF,1734203,SCD
1734085,SBDF,1734207,SCD
1734085,SBDF,1734347,SCD
1734085,SBDF,1734355,SCD
1734085,SBDF,1734475,SCD
1734085,SBDF,1734479,SCD
1734085,SBDF,1734481,SCD
1734085,SBDF,1734483,SCD
1734085,SBDF,905189,SCD
2655521,SBDFP,1734086,SBD
2655521,SBDFP,1734091,SBD
2655521,SBDFP,1734204,SBD
2655521,SBDFP,1734208,SBD
2655521,SBDFP,1734348,SBD
2655521,SBDFP,1734356,SBD
2655521,SBDFP,1734476,SBD
2655521,SBDFP,1734480,SBD
2655521,SBDFP,1734482,SBD
2655521,SBDFP,1734484,SBD
2655521,SBDFP,905191,SBD
2655521,SBDFP,1734084,SCD
2655521,SBDFP,1734090,SCD
2655521,SBDFP,1734203,SCD
2655521,SBDFP,1734207,SCD
2655521,SBDFP,1734347,SCD
2655521,SBDFP,1734355,SCD
2655521,SBDFP,1734475,SCD
2655521,SBDFP,1734479,SCD
2655521,SBDFP,1734481,SCD
2655521,SBDFP,1734483,SCD
2655521,SBDFP,905189,SCD
1734083,SCDF,1734086,SBD
1734083,SCDF,1734091,SBD
1734083,SCDF,1734204,SBD
1734083,SCDF,1734208,SBD
1734083,SCDF,1734348,SBD
1734083,SCDF,1734356,SBD
1734083,SCDF,1734476,SBD
1734083,SCDF,1734480,SBD
1734083,SCDF,1734482,SBD
1734083,SCDF,1734484,SBD
1734083,SCDF,905191,SBD
1734083,SCDF,1734084,SCD
1734083,SCDF,1734090,SCD
1734083,SCDF,1734203,SCD
1734083,SCDF,1734207,SCD
1734083,SCDF,1734347,SCD
1734083,SCDF,1734355,SCD
1734083,SCDF,1734475,SCD
1734083,SCDF,1734479,SCD
1734083,SCDF,1734481,SCD
1734083,SCDF,1734483,SCD
1734083,SCDF,905189,SCD
1996290,SCDF,1996291,SCD
1996290,SCDF,1996297,SCD
2646704,SCDFP,1734086,SBD
2646704,SCDFP,1734091,SBD
2646704,SCDFP,1734204,SBD
2646704,SCDFP,1734208,SBD
2646704,SCDFP,1734348,SBD
2646704,SCDFP,1734356,SBD
2646704,SCDFP,1734476,SBD
2646704,SCDFP,1734480,SBD
2646704,SCDFP,1734482,SBD
2646704,SCDFP,1734484,SBD
2646704,SCDFP,905191,SBD
2646704,SCDFP,1734084,SCD
2646704,SCDFP,1734090,SCD
2646704,SCDFP,1734203,SCD
2646704,SCDFP,1734207,SCD
2646704,SCDFP,1734347,SCD
2646704,SCDFP,1734355,SCD
2646704,SCDFP,1734475,SCD
2646704,SCDFP,1734479,SCD
2646704,SCDFP,1734481,SCD
2646704,SCDFP,1734483,SCD
2646704,SCDFP,905189,SCD
2648059,SCDFP,1996291,SCD
2648059,SCDFP,1996297,SCD
364573,SBDF,861066,SBD
364573,SBDF,861064,SCD
368413,SBDF,208149,SBD
368413,SBDF,208161,SBD
368413,SBDF,212233,SBD
368413,SBDF,312938,SCD
368413,SBDF,312940,SCD
368413,SBDF,312941,SCD
373867,SCDF,251201,SCD
373867,SCDF,410584,SCD
373868,SCDF,208149,SBD
373868,SCDF,208161,SBD
373868,SCDF,212233,SBD
373868,SCDF,312938,SCD
373868,SCDF,312940,SCD
373868,SCDF,312941,SCD
374622,SCDF,861066,SBD
374622,SCDF,861064,SCD
1087207,SBDF,1087208,SBD
1087207,SBDF,999799,SCD
1087237,SBDF,1087238,SBD
1087237,SBDF,836268,SCD
1087301,SBDF,1087302,SBD
1087301,SBDF,1087298,SCD
1087409,SBDF,1087410,SBD
1087409,SBDF,1087406,SCD
1087417,SBDF,1087418,SBD
1087417,SBDF,1087414,SCD
1088868,SBDF,1088869,SBD
1088868,SBDF,242668,SCD
1090835,SBDF,1090975,SBD
1090835,SBDF,1090973,SCD
1090971,SBDF,1090972,SBD
1090971,SBDF,1090968,SCD
1102205,SBDF,1102207,BPCK
1102205,SBDF,1102202,GPCK
1102205,SBDF,1102206,SBD
1102205,SBDF,1102196,SCD
1114341,SBDF,1114342,SBD
1114341,SBDF,826653,SBD
1114341,SBDF,826650,SCD
1114341,SBDF,826656,SCD
1119572,SBDF,1119573,SBD
1119572,SBDF,1119569,SCD
1150076,SBDF,1150077,SBD
1150076,SBDF,237717,SCD
1304562,SBDF,1304564,SBD
1304562,SBDF,1304559,SCD
1305220,SBDF,1305222,SBD
1305220,SBDF,1305217,SCD
1314669,SBDF,1314672,SBD
1314669,SBDF,1314666,SCD
1859191,SBDF,1859193,SBD
1859191,SBDF,237717,SCD
1870188,SBDF,800918,SBD
1870188,SBDF,800915,SCD
1919588,SBDF,1799178,SBD
1919588,SBDF,1375379,SCD
2002737,SBDF,2002739,SBD
2002737,SBDF,308395,SCD
2279014,SBDF,876679,SBD
2279014,SBDF,313599,SCD
2371756,SBDF,1116183,SBD
2371756,SBDF,1116179,SCD
2371784,SBDF,1428828,SBD
2371784,SBDF,1364855,SCD
2371803,SBDF,876861,SBD
2371803,SBDF,876858,SCD
366367,SBDF,211855,SBD
366367,SBDF,198896,SCD
368481,SBDF,211869,SBD
368481,SBDF,198897,SCD
369677,SBDF,212360,SBD
369677,SBDF,308399,SCD
808084,SBDF,808085,SBD
808084,SBDF,807801,SCD
826859,SBDF,826860,SBD
826859,SBDF,826857,SCD
826864,SBDF,826865,SBD
826864,SBDF,826862,SCD
836266,SBDF,836270,SBD
836266,SBDF,836268,SCD
861071,SBDF,861072,SBD
861071,SBDF,313634,SCD
877465,SBDF,877466,SBD
877465,SBDF,877463,SCD
891708,SBDF,891709,SBD
891708,SBDF,891706,SCD
891718,SBDF,891719,SBD
891718,SBDF,891716,SCD
891792,SBDF,891793,SBD
891792,SBDF,891790,SCD
891814,SBDF,891815,SBD
891814,SBDF,891812,SCD
891819,SBDF,891820,SBD
891819,SBDF,891816,SCD
999748,SBDF,999749,SBD
999748,SBDF,999783,SBD
999748,SBDF,348622,SCD
999748,SBDF,348689,SCD
999825,SBDF,999826,SBD
999825,SBDF,999823,SCD
2654210,SBDFP,891815,SBD
2654210,SBDFP,891812,SCD
2654842,SBDFP,836270,SBD
2654842,SBDFP,836268,SCD
2655086,SBDFP,1090975,SBD
2655086,SBDFP,1090973,SCD
2655122,SBDFP,891793,SBD
2655122,SBDFP,891790,SCD
2655274,SBDFP,1304564,SBD
2655274,SBDFP,1304559,SCD
2655749,SBDFP,1305222,SBD
2655749,SBDFP,1305217,SCD
2655859,SBDFP,1087410,SBD
2655859,SBDFP,1087406,SCD
2656337,SBDFP,1116183,SBD
2656337,SBDFP,1116179,SCD
2656521,SBDFP,891719,SBD
2656521,SBDFP,891716,SCD
2656535,SBDFP,1119573,SBD
2656535,SBDFP,1119569,SCD
2656892,SBDFP,1090972,SBD
2656892,SBDFP,1090968,SCD
2657466,SBDFP,1314672,SBD
2657466,SBDFP,1314666,SCD
2657612,SBDFP,877466,SBD
2657612,SBDFP,877463,SCD
2657643,SBDFP,1102207,BPCK
2657643,SBDFP,1102202,GPCK
2657643,SBDFP,1102206,SBD
2657643,SBDFP,1102196,SCD
2657685,SBDFP,1087238,SBD
2657685,SBDFP,836268,SCD
2657942,SBDFP,891820,SBD
2657942,SBDFP,891816,SCD
2658473,SBDFP,891709,SBD
2658473,SBDFP,891706,SCD
1043298,SCDF,1043300,SCD
1087296,SCDF,1087302,SBD
1087296,SCDF,1087298,SCD
1087404,SCDF,1087410,SBD
1087404,SCDF,1087406,SCD
1087413,SCDF,1087418,SBD
1087413,SCDF,1087414,SCD
1090822,SCDF,1090824,SCD
1090830,SCDF,1090975,SBD
1090830,SCDF,1090973,SCD
1090966,SCDF,1090972,SBD
1090966,SCDF,1090968,SCD
1100256,SCDF,1304490,SCD
1100260,SCDF,1100471,BPCK
1100260,SCDF,1100470,GPCK
1100260,SCDF,1100262,SCD
1102194,SCDF,1102207,BPCK
1102194,SCDF,1102202,GPCK
1102194,SCDF,1102206,SBD
1102194,SCDF,1102196,SCD
1102199,SCDF,1102207,BPCK
1102199,SCDF,1102202,GPCK
1102199,SCDF,1102201,SCD
1119566,SCDF,1119573,SBD
1119566,SCDF,1119569,SCD
1150170,SCDF,1150172,SCD
1234481,SCDF,1234482,SCD
1248140,SCDF,1248142,SCD
1292775,SCDF,876679,SBD
1292775,SCDF,1537233,SCD
1292775,SCDF,313599,SCD
1304557,SCDF,1304564,SBD
1304557,SCDF,1305222,SBD
1304557,SCDF,1304559,SCD
1304557,SCDF,1305217,SCD
1313923,SCDF,1313925,SCD
1314664,SCDF,1314672,SBD
1314664,SCDF,1314666,SCD
1375378,SCDF,1799178,SBD
1375378,SCDF,1375379,SCD
1870185,SCDF,800918,SBD
1870185,SCDF,800915,SCD
1874900,SCDF,1874902,SCD
1926815,SCDF,1926816,SCD
1944961,SCDF,1485531,SCD
2045241,SCDF,2045245,BPCK
2045241,SCDF,2045244,GPCK
2045241,SCDF,2045243,SCD
2099780,SCDF,2099781,SCD
2099780,SCDF,2603517,SCD
2284147,SCDF,282737,SCD
2284147,SCDF,283293,SCD
2371752,SCDF,1116183,SBD
2371752,SCDF,1116179,SCD
2371780,SCDF,1428828,SBD
2371780,SCDF,1235389,SCD
2371780,SCDF,1364854,SCD
2371780,SCDF,1364855,SCD
2371799,SCDF,876861,SBD
2371799,SCDF,876858,SCD
237703,SCDF,283121,SCD
2636651,SCDF,2636652,SCD
2636651,SCDF,2636654,SCD
2636845,SCDF,2636846,SCD
2707115,SCDF,2707116,SCD
2713890,SCDF,2713891,SCD
370594,SCDF,211855,SBD
370594,SCDF,198896,SCD
370594,SCDF,245462,SCD
370594,SCDF,2603482,SCD
370594,SCDF,2699355,SCD
370597,SCDF,2002739,SBD
370597,SCDF,308376,SCD
370597,SCDF,308395,SCD
370597,SCDF,312969,SCD
370598,SCDF,308391,SCD
370599,SCDF,212360,SBD
370599,SCDF,141991,SCD
370599,SCDF,1441371,SCD
370599,SCDF,245473,SCD
370599,SCDF,308384,SCD
370599,SCDF,308399,SCD
370599,SCDF,313803,SCD
370599,SCDF,313841,SCD
370599,SCDF,333831,SCD
370600,SCDF,237718,SCD
370600,SCDF,308382,SCD
370600,SCDF,308392,SCD
370601,SCDF,211869,SBD
370601,SCDF,198892,SCD
370601,SCDF,198893,SCD
370601,SCDF,198897,SCD
370601,SCDF,199083,SCD
370601,SCDF,282402,SCD
370601,SCDF,283294,SCD
370601,SCDF,308396,SCD
370602,SCDF,237722,SCD
370604,SCDF,1150077,SBD
370604,SCDF,1859193,SBD
370604,SCDF,1424902,SCD
370604,SCDF,237717,SCD
370604,SCDF,245474,SCD
370710,SCDF,1088869,SBD
370710,SCDF,1424273,SCD
370710,SCDF,242668,SCD
370934,SCDF,243789,SCD
370934,SCDF,308377,SCD
374492,SCDF,259773,SCD
375354,SCDF,199138,SCD
375355,SCDF,283297,SCD
375355,SCDF,283426,SCD
375375,SCDF,282836,SCD
376956,SCDF,199842,SCD
377583,SCDF,199834,SCD
378540,SCDF,348694,SCD
378540,SCDF,388723,SCD
378576,SCDF,283944,SCD
577189,SCDF,577190,SCD
580134,SCDF,999749,SBD
580134,SCDF,999783,SBD
580134,SCDF,348622,SCD
580134,SCDF,348689,SCD
602126,SCDF,602127,SCD
602126,SCDF,602135,SCD
619035,SCDF,105668,SCD
619052,SCDF,861072,SBD
619052,SCDF,313634,SCD
619103,SCDF,359514,SCD
724126,SCDF,1246831,SCD
797462,SCDF,797463,SCD
807800,SCDF,808085,SBD
807800,SCDF,807801,SCD
826649,SCDF,1114342,SBD
826649,SCDF,826653,SBD
826649,SCDF,826650,SCD
826649,SCDF,826656,SCD
826856,SCDF,826860,SBD
826856,SCDF,826857,SCD
826861,SCDF,826865,SBD
826861,SCDF,826862,SCD
828803,SCDF,348025,SCD
828822,SCDF,877466,SBD
828822,SCDF,877463,SCD
835523,SCDF,835524,SCD
836263,SCDF,1087238,SBD
836263,SCDF,836270,SBD
836263,SCDF,836268,SCD
846044,SCDF,2121705,SCD
846044,SCDF,846045,SCD
852776,SCDF,999826,SBD
852776,SCDF,999823,SCD
880815,SCDF,1365980,SCD
880815,SCDF,1365984,SCD
891521,SCDF,891522,SCD
891705,SCDF,891709,SBD
891705,SCDF,891820,SBD
891705,SCDF,891706,SCD
891705,SCDF,891816,SCD
891715,SCDF,891719,SBD
891715,SCDF,891716,SCD
891789,SCDF,891793,SBD
891789,SCDF,891790,SCD
891811,SCDF,891815,SBD
891811,SCDF,891812,SCD
999798,SCDF,1087208,SBD
999798,SCDF,999799,SCD
2645538,SCDFP,1100471,BPCK
2645538,SCDFP,1100470,GPCK
2645538,SCDFP,1100262,SCD
2645550,SCDFP,1090975,SBD
2645550,SCDFP,1090973,SCD
2645657,SCDFP,891719,SBD
2645657,SCDFP,891716,SCD
2646096,SCDFP,1043300,SCD
2646275,SCDFP,891815,SBD
2646275,SCDFP,891812,SCD
2646283,SCDFP,1119573,SBD
2646283,SCDFP,1119569,SCD
2646487,SCDFP,1313925,SCD
2646494,SCDFP,1304564,SBD
2646494,SCDFP,1305222,SBD
2646494,SCDFP,1304559,SCD
2646494,SCDFP,1305217,SCD
2646632,SCDFP,1116183,SBD
2646632,SCDFP,1116179,SCD
2646678,SCDFP,1246831,SCD
2646829,SCDFP,1090972,SBD
2646829,SCDFP,1090968,SCD
2647416,SCDFP,891522,SCD
2647507,SCDFP,1102207,BPCK
2647507,SCDFP,1102202,GPCK
2647507,SCDFP,1102201,SCD
2647613,SCDFP,891709,SBD
2647613,SCDFP,891820,SBD
2647613,SCDFP,891706,SCD
2647613,SCDFP,891816,SCD
2647627,SCDFP,1365980,SCD
2647627,SCDFP,1365984,SCD
2647688,SCDFP,1087410,SBD
2647688,SCDFP,1087406,SCD
2647976,SCDFP,1102207,BPCK
2647976,SCDFP,1102202,GPCK
2647976,SCDFP,1102206,SBD
2647976,SCDFP,1102196,SCD
2647984,SCDFP,1087238,SBD
2647984,SCDFP,836270,SBD
2647984,SCDFP,836268,SCD
2648394,SCDFP,1485531,SCD
2648715,SCDFP,348025,SCD
2648752,SCDFP,283944,SCD
2648884,SCDFP,877466,SBD
2648884,SCDFP,877463,SCD
2648952,SCDFP,1314672,SBD
2648952,SCDFP,1314666,SCD
2648960,SCDFP,1090824,SCD
2649346,SCDFP,1304490,SCD
2649401,SCDFP,1248142,SCD
2649458,SCDFP,891793,SBD
2649458,SCDFP,891790,SCD
1659769,SBDF,728491,SBD
1659769,SBDF,723871,SCD
1670055,SBDF,1484963,SBD
1670055,SBDF,1484958,SCD
2643208,SBDF,2643209,SBD
2643208,SBDF,2643204,SCD
2655316,SBDFP,2643209,SBD
2655316,SBDFP,2643204,SCD
2656068,SBDFP,728491,SBD
2656068,SBDFP,723871,SCD
2657599,SBDFP,1484963,SBD
2657599,SBDFP,1484958,SCD
1659766,SCDF,728491,SBD
1659766,SCDF,723871,SCD
1670052,SCDF,1484963,SBD
1670052,SCDF,2643209,SBD
1670052,SCDF,1484958,SCD
1670052,SCDF,2643204,SCD
2647373,SCDFP,2643209,SBD
2647373,SCDFP,2643204,SCD
2648751,SCDFP,728491,SBD
2648751,SCDFP,723871,SCD
2648925,SCDFP,1484963,SBD
2648925,SCDFP,1484958,SCD
1648172,SBDF,1648174,SBD
1648172,SBDF,1648169,SCD
2655423,SBDFP,1648174,SBD
2655423,SBDFP,1648169,SCD
1648168,SCDF,1648174,SBD
1648168,SCDF,2612086,SBD
1648168,SCDF,1648169,SCD
1648168,SCDF,2612081,SCD
2646890,SCDFP,1648174,SBD
2646890,SCDFP,2612086,SBD
2646890,SCDFP,1648169,SCD
2646890,SCDFP,2612081,SCD
1039254,SBDF,1039255,SBD
1039254,SBDF,1039251,SCD
1040057,SBDF,1040058,SBD
1040057,SBDF,1040054,SCD
1045540,SBDF,1045541,SBD
1045540,SBDF,1045532,SCD
1099284,SBDF,1099285,SBD
1099284,SBDF,1090496,SCD
1114040,SBDF,1360638,GPCK
1114040,SBDF,1114041,SBD
1114040,SBDF,1090946,SCD
1422932,SBDF,1422935,SBD
1422932,SBDF,1370216,SCD
1536154,SBDF,1536157,SBD
1536154,SBDF,1536151,SCD
1872894,SBDF,1872897,SBD
1872894,SBDF,1045532,SCD
2611265,SBDF,2744513,BPCK
2611265,SBDF,2744515,BPCK
2611265,SBDF,2744512,GPCK
2611265,SBDF,2744514,GPCK
2611265,SBDF,2611266,SBD
2611265,SBDF,2741703,SBD
2611265,SBDF,2611260,SCD
2611265,SBDF,2741701,SCD
367201,SBDF,2122389,SBD
367201,SBDF,2122387,SCD
370485,SBDF,1373128,SBD
370485,SBDF,1373045,SCD
702444,SBDF,1596947,SBD
702444,SBDF,2122395,SBD
702444,SBDF,2122415,SBD
702444,SBDF,1596945,SCD
702444,SBDF,2122393,SCD
702444,SBDF,2122413,SCD
756496,SBDF,1358993,SBD
756496,SBDF,1357010,SCD
756558,SBDF,1360638,GPCK
756558,SBDF,1246254,SBD
756558,SBDF,1246340,SBD
756558,SBDF,1090946,SCD
756558,SBDF,1246338,SCD
756560,SBDF,1483723,SBD
756560,SBDF,1370211,SCD
756563,SBDF,1483726,SBD
756563,SBDF,1370211,SCD
807857,SBDF,1111766,SBD
807857,SBDF,1090487,SCD
2654431,SBDFP,1596947,SBD
2654431,SBDFP,2122395,SBD
2654431,SBDFP,2122415,SBD
2654431,SBDFP,1596945,SCD
2654431,SBDFP,2122393,SCD
2654431,SBDFP,2122413,SCD
2655364,SBDFP,1483726,SBD
2655364,SBDFP,1370211,SCD
2655370,SBDFP,2744513,BPCK
2655370,SBDFP,2744515,BPCK
2655370,SBDFP,2744512,GPCK
2655370,SBDFP,2744514,GPCK
2655370,SBDFP,2611266,SBD
2655370,SBDFP,2741703,SBD
2655370,SBDFP,2611260,SCD
2655370,SBDFP,2741701,SCD
2655697,SBDFP,1872897,SBD
2655697,SBDFP,1045532,SCD
2655824,SBDFP,1111766,SBD
2655824,SBDFP,1090487,SCD
2655962,SBDFP,1536157,SBD
2655962,SBDFP,1536151,SCD
2656375,SBDFP,1099285,SBD
2656375,SBDFP,1090496,SCD
2656423,SBDFP,1373128,SBD
2656423,SBDFP,1373045,SCD
2656555,SBDFP,1483723,SBD
2656555,SBDFP,1370211,SCD
2656560,SBDFP,1039255,SBD
2656560,SBDFP,1039251,SCD
2657447,SBDFP,1360638,GPCK
2657447,SBDFP,1246254,SBD
2657447,SBDFP,1246340,SBD
2657447,SBDFP,1090946,SCD
2657447,SBDFP,1246338,SCD
2657974,SBDFP,2122389,SBD
2657974,SBDFP,2122387,SCD
2657981,SBDFP,1040058,SBD
2657981,SBDFP,1040054,SCD
2658371,SBDFP,1422935,SBD
2658371,SBDFP,1370216,SCD
2658483,SBDFP,1358993,SBD
2658483,SBDFP,1357010,SCD
2658582,SBDFP,1045541,SBD
2658582,SBDFP,1045532,SCD
2658702,SBDFP,1360638,GPCK
2658702,SBDFP,1114041,SBD
2658702,SBDFP,1090946,SCD
1040052,SCDF,1040058,SBD
1040052,SCDF,1040054,SCD
1045530,SCDF,1045541,SBD
1045530,SCDF,1872897,SBD
1045530,SCDF,1045532,SCD
1094348,SCDF,1094350,SCD
1145621,SCDF,1927849,GPCK
1145621,SCDF,2634364,GPCK
1145621,SCDF,1432488,SCD
1145621,SCDF,1656815,SCD
1145673,SCDF,1440908,SCD
1190598,SCDF,1190600,SCD
1190598,SCDF,2727430,SCD
1297287,SCDF,1927849,GPCK
1297287,SCDF,2634363,GPCK
1297287,SCDF,2634364,GPCK
1297287,SCDF,1297288,SCD
1297287,SCDF,2734621,SCD
1301245,SCDF,1301246,SCD
1423305,SCDF,1423307,SCD
1423305,SCDF,2679777,SCD
1423305,SCDF,2712157,SCD
1423305,SCDF,2716698,SCD
1427390,SCDF,1427392,SCD
1489001,SCDF,2713313,GPCK
1489001,SCDF,2713312,SCD
1492050,SCDF,1492052,SCD
1492050,SCDF,2268058,SCD
1536476,SCDF,1536477,SCD
1536476,SCDF,2557336,SCD
1536497,SCDF,1730187,GPCK
1536497,SCDF,2565492,GPCK
1536497,SCDF,2664074,GPCK
1536497,SCDF,1536498,SCD
1536502,SCDF,1730187,GPCK
1536502,SCDF,2565492,GPCK
1536502,SCDF,1536503,SCD
1536502,SCDF,2565491,SCD
1536861,SCDF,1536862,SCD
1536923,SCDF,1536924,SCD
1536923,SCDF,2691101,SCD
1536933,SCDF,1536934,SCD
1536998,SCDF,1536999,SCD
1537028,SCDF,2664074,GPCK
1537028,SCDF,1537029,SCD
1546875,SCDF,2634817,GPCK
1546875,SCDF,1546881,SCD
1593449,SCDF,1593450,SCD
1659966,SCDF,1428880,GPCK
1659966,SCDF,2640034,GPCK
1659966,SCDF,1189316,SCD
1659966,SCDF,1659967,SCD
1743367,SCDF,1743369,SCD
1804346,SCDF,1804384,GPCK
1804346,SCDF,1534835,SCD
1804346,SCDF,2677914,SCD
1805287,SCDF,1805288,SCD
1812460,SCDF,1804384,GPCK
1812460,SCDF,1550968,SCD
1812460,SCDF,2677915,SCD
1923361,SCDF,1923362,SCD
1990880,SCDF,1990881,SCD
1996097,SCDF,1996098,SCD
2167837,SCDF,2722932,SCD
2173660,SCDF,2288826,GPCK
2173660,SCDF,2397132,GPCK
2173660,SCDF,2637727,GPCK
2173660,SCDF,2173662,SCD
2173665,SCDF,2287760,GPCK
2173665,SCDF,2390630,GPCK
2173665,SCDF,2637729,GPCK
2173665,SCDF,2744509,GPCK
2173665,SCDF,2173667,SCD
2377384,SCDF,2377385,SCD
2549033,SCDF,2560238,GPCK
2549033,SCDF,2717656,GPCK
2549033,SCDF,2717875,GPCK
2549033,SCDF,2549034,SCD
2549036,SCDF,2560237,GPCK
2549036,SCDF,2549037,SCD
2566813,SCDF,2566814,SCD
2566822,SCDF,2566823,SCD
2591969,SCDF,2683425,GPCK
2591969,SCDF,2683423,SCD
2591969,SCDF,2685210,SCD
2598124,SCDF,2598125,SCD
2608081,SCDF,2608082,SCD
2611259,SCDF,2744513,BPCK
2611259,SCDF,2744515,BPCK
2611259,SCDF,2744512,GPCK
2611259,SCDF,2744514,GPCK
2611259,SCDF,2611266,SBD
2611259,SCDF,2741703,SBD
2611259,SCDF,2611260,SCD
2611259,SCDF,2741701,SCD
2636655,SCDF,2636659,GPCK
2636655,SCDF,2636656,SCD
2636655,SCDF,2670598,SCD
2636655,SCDF,2670678,SCD
2636657,SCDF,2636659,GPCK
2636657,SCDF,2636658,SCD
2670537,SCDF,2670541,SCD
2676754,SCDF,2683422,GPCK
2676754,SCDF,2676758,SCD
2676754,SCDF,2683421,SCD
2678227,SCDF,2678231,SCD
2679417,SCDF,2679426,GPCK
2679417,SCDF,2679420,SCD
2692300,SCDF,2692304,GPCK
2692300,SCDF,2693777,GPCK
2692300,SCDF,2692302,SCD
2692300,SCDF,2744316,SCD
2699311,SCDF,2699313,SCD
2699311,SCDF,2707699,SCD
2715860,SCDF,2715863,SCD
2741367,SCDF,2741371,SCD
2743066,SCDF,2743069,GPCK
2743066,SCDF,2743068,SCD
2744310,SCDF,2744508,GPCK
2744310,SCDF,2744312,SCD
2744313,SCDF,2744508,GPCK
2744313,SCDF,2744315,SCD
2744502,SCDF,2744506,SCD
370755,SCDF,2663936,GPCK
370755,SCDF,2676954,GPCK
370755,SCDF,1867684,SCD
370756,SCDF,1242575,GPCK
370756,SCDF,2604635,GPCK
370756,SCDF,2637756,GPCK
370756,SCDF,2687211,GPCK
370756,SCDF,2744509,GPCK
370756,SCDF,1359455,SCD
370756,SCDF,1796708,SCD
370756,SCDF,1919076,SCD
370756,SCDF,2101281,SCD
370756,SCDF,2604561,SCD
370757,SCDF,2604579,GPCK
370757,SCDF,2713313,GPCK
370757,SCDF,2717875,GPCK
370757,SCDF,247324,SCD
370757,SCDF,2709673,SCD
371456,SCDF,2119625,GPCK
371456,SCDF,2362250,GPCK
371456,SCDF,2644878,GPCK
371456,SCDF,1111440,SCD
371456,SCDF,1114361,SCD
371456,SCDF,1370125,SCD
371456,SCDF,636568,SCD
371458,SCDF,1421985,SCD
371754,SCDF,1111766,SBD
371754,SCDF,1090487,SCD
371756,SCDF,2683425,GPCK
371756,SCDF,2173731,SCD
371756,SCDF,2683424,SCD
371757,SCDF,1360638,GPCK
371757,SCDF,1099285,SBD
371757,SCDF,1114041,SBD
371757,SCDF,1246254,SBD
371757,SCDF,1246340,SBD
371757,SCDF,1422935,SBD
371757,SCDF,1483723,SBD
371757,SCDF,1483726,SBD
371757,SCDF,1090496,SCD
371757,SCDF,1090946,SCD
371757,SCDF,1246338,SCD
371757,SCDF,1370211,SCD
371757,SCDF,1370216,SCD
371757,SCDF,1535845,SCD
371757,SCDF,2002003,SCD
371757,SCDF,2122382,SCD
371757,SCDF,2167754,SCD
371757,SCDF,2167803,SCD
371758,SCDF,2122389,SBD
371758,SCDF,1370219,SCD
371758,SCDF,1861935,SCD
371758,SCDF,2122387,SCD
371758,SCDF,2167801,SCD
371763,SCDF,1250983,GPCK
371763,SCDF,1111663,SCD
371763,SCDF,1661740,SCD
371765,SCDF,2692304,GPCK
371765,SCDF,2743069,GPCK
371765,SCDF,1542452,SCD
371765,SCDF,1605844,SCD
371765,SCDF,2692303,SCD
371765,SCDF,2719927,SCD
371766,SCDF,1795585,GPCK
371766,SCDF,2056073,GPCK
371766,SCDF,2119625,GPCK
371766,SCDF,2287760,GPCK
371766,SCDF,2362250,GPCK
371766,SCDF,2637730,GPCK
371766,SCDF,2683226,GPCK
371766,SCDF,2685490,GPCK
371766,SCDF,2722413,GPCK
371766,SCDF,2743625,GPCK
371766,SCDF,1014005,SCD
371766,SCDF,1020138,SCD
371766,SCDF,1046631,SCD
371766,SCDF,1113368,SCD
371766,SCDF,1117394,SCD
371766,SCDF,1147924,SCD
371766,SCDF,1150129,SCD
371766,SCDF,1234473,SCD
371766,SCDF,1298228,SCD
371766,SCDF,1439992,SCD
371766,SCDF,1441364,SCD
371766,SCDF,1790650,SCD
371766,SCDF,2671189,SCD
371766,SCDF,996520,SCD
371768,SCDF,1147685,SCD
371768,SCDF,1300539,SCD
371768,SCDF,1861926,SCD
371768,SCDF,2173726,SCD
371769,SCDF,1099074,SCD
371769,SCDF,1298324,SCD
371769,SCDF,1357923,SCD
371769,SCDF,485709,SCD
373386,SCDF,1730190,GPCK
373386,SCDF,1435918,SCD
373386,SCDF,1544873,SCD
373683,SCDF,1313298,SCD
373684,SCDF,1304108,SCD
373685,SCDF,2050367,SCD
374251,SCDF,2637485,SCD
374472,SCDF,1039255,SBD
374472,SCDF,1039251,SCD
374717,SCDF,1086443,SCD
374717,SCDF,1190174,SCD
374717,SCDF,1291266,SCD
374717,SCDF,1363752,SCD
374717,SCDF,1489310,SCD
374717,SCDF,2167740,SCD
374717,SCDF,2167750,SCD
374717,SCDF,700949,SCD
374720,SCDF,1117392,SCD
374720,SCDF,1423711,SCD
374720,SCDF,2176488,SCD
374729,SCDF,2558505,GPCK
374729,SCDF,1250743,SCD
374746,SCDF,1098227,SCD
374746,SCDF,1098911,SCD
374746,SCDF,1099085,SCD
374746,SCDF,1241674,SCD
374746,SCDF,1358623,SCD
374746,SCDF,1424919,SCD
374746,SCDF,1435143,SCD
374747,SCDF,1094460,SCD
374747,SCDF,1114896,SCD
374747,SCDF,1251296,SCD
374747,SCDF,1300017,SCD
374747,SCDF,1307253,SCD
374747,SCDF,1426660,SCD
374747,SCDF,1427998,SCD
374747,SCDF,2167782,SCD
374747,SCDF,2167783,SCD
374747,SCDF,2368128,SCD
374767,SCDF,2558505,GPCK
374767,SCDF,1089968,SCD
374767,SCDF,1147795,SCD
374768,SCDF,1237110,SCD
374769,SCDF,2723023,GPCK
374769,SCDF,1089822,SCD
374769,SCDF,1236395,SCD
374769,SCDF,2723021,SCD
374770,SCDF,2049283,SCD
374772,SCDF,1090468,SCD
374776,SCDF,1299646,SCD
374776,SCDF,1299662,SCD
374777,SCDF,1366825,SCD
374779,SCDF,1291951,SCD
374779,SCDF,1369927,SCD
374780,SCDF,2723023,GPCK
374780,SCDF,1090476,SCD
374780,SCDF,2723022,SCD
374802,SCDF,1424849,SCD
374802,SCDF,1430404,SCD
374802,SCDF,2167676,SCD
374809,SCDF,1010946,SCD
374809,SCDF,1010980,SCD
374809,SCDF,1012984,SCD
375016,SCDF,2173733,SCD
375016,SCDF,2173856,SCD
375020,SCDF,1535366,SCD
375372,SCDF,1358993,SBD
375372,SCDF,1037164,SCD
375372,SCDF,1098497,SCD
375372,SCDF,1245722,SCD
375372,SCDF,1357010,SCD
375427,SCDF,2288826,GPCK
375427,SCDF,2390630,GPCK
375427,SCDF,2626497,GPCK
375427,SCDF,2637728,GPCK
375427,SCDF,2644878,GPCK
375427,SCDF,1000502,SCD
375427,SCDF,1043543,SCD
375427,SCDF,1044949,SCD
375427,SCDF,1091331,SCD
375427,SCDF,1095503,SCD
375427,SCDF,1098647,SCD
375427,SCDF,1119541,SCD
375427,SCDF,1251031,SCD
375427,SCDF,1358620,SCD
375427,SCDF,1364914,SCD
375427,SCDF,1370205,SCD
375427,SCDF,1372451,SCD
375427,SCDF,1372459,SCD
375427,SCDF,1429362,SCD
375427,SCDF,1487369,SCD
375427,SCDF,1661314,SCD
375427,SCDF,1741944,SCD
375427,SCDF,1808192,SCD
375427,SCDF,2166123,SCD
375427,SCDF,2265849,SCD
375427,SCDF,2268062,SCD
375427,SCDF,2566816,SCD
375427,SCDF,2626496,SCD
375427,SCDF,2728493,SCD
375427,SCDF,880359,SCD
375428,SCDF,1357905,SCD
375672,SCDF,1236419,SCD
375672,SCDF,1236435,SCD
375971,SCDF,2695452,GPCK
375971,SCDF,1042695,SCD
375971,SCDF,2680300,SCD
375994,SCDF,1113397,SCD
376003,SCDF,2560237,GPCK
376003,SCDF,2634562,GPCK
376003,SCDF,2634816,GPCK
376003,SCDF,2634817,GPCK
376003,SCDF,2634819,GPCK
376003,SCDF,1098435,SCD
376003,SCDF,1110988,SCD
376003,SCDF,1367204,SCD
376003,SCDF,1484879,SCD
376095,SCDF,1357894,SCD
376156,SCDF,2693776,GPCK
376156,SCDF,2693777,GPCK
376156,SCDF,1370113,SCD
376156,SCDF,2693770,SCD
376156,SCDF,2693772,SCD
376336,SCDF,1359154,SCD
376336,SCDF,1673869,SCD
376370,SCDF,1357422,SCD
377029,SCDF,2604635,GPCK
377029,SCDF,1046384,SCD
377029,SCDF,1113522,SCD
377029,SCDF,1236070,SCD
377029,SCDF,1292342,SCD
377029,SCDF,2588212,SCD
377029,SCDF,2604562,SCD
377535,SCDF,1373128,SBD
377535,SCDF,1373045,SCD
378231,SCDF,1147823,SCD
378231,SCDF,2639753,SCD
378721,SCDF,2560238,GPCK
378721,SCDF,2634815,GPCK
378721,SCDF,1113490,SCD
378721,SCDF,1245616,SCD
378721,SCDF,1305214,SCD
378721,SCDF,1372652,SCD
378721,SCDF,1490000,SCD
378721,SCDF,1552200,SCD
378721,SCDF,1603294,SCD
378721,SCDF,1808604,SCD
378721,SCDF,1874730,SCD
378721,SCDF,2167784,SCD
378721,SCDF,2172190,SCD
378721,SCDF,2603662,SCD
379159,SCDF,1250983,GPCK
379159,SCDF,2604579,GPCK
379159,SCDF,1098496,SCD
379159,SCDF,1425315,SCD
379159,SCDF,2049841,SCD
379167,SCDF,1360638,GPCK
379167,SCDF,1795585,GPCK
379167,SCDF,2056073,GPCK
379167,SCDF,2722413,GPCK
379167,SCDF,2743625,GPCK
379167,SCDF,1115329,SCD
379167,SCDF,1234386,SCD
379167,SCDF,1371196,SCD
379167,SCDF,2629973,SCD
379167,SCDF,2743624,SCD
393371,SCDF,991528,SCD
405871,SCDF,1666116,GPCK
405871,SCDF,1090463,SCD
405871,SCDF,1148155,SCD
405871,SCDF,1423702,SCD
405871,SCDF,1486964,SCD
405871,SCDF,2167730,SCD
438999,SCDF,1536157,SBD
438999,SCDF,1536151,SCD
438999,SCDF,2373441,SCD
452782,SCDF,1111087,SCD
477094,SCDF,1593105,SCD
477094,SCDF,2003130,SCD
477094,SCDF,2167752,SCD
477094,SCDF,2603661,SCD
577330,SCDF,1648203,GPCK
577330,SCDF,2634363,GPCK
577330,SCDF,2634564,GPCK
577330,SCDF,1086997,SCD
577330,SCDF,1312260,SCD
579620,SCDF,1298288,SCD
602750,SCDF,1648203,GPCK
602750,SCDF,2612689,GPCK
602750,SCDF,2634564,GPCK
602750,SCDF,2663936,GPCK
602750,SCDF,2676954,GPCK
602750,SCDF,1094549,SCD
602750,SCDF,1426334,SCD
602750,SCDF,2739790,SCD
604128,SCDF,1094131,SCD
604808,SCDF,1242575,GPCK
604808,SCDF,2637726,GPCK
604808,SCDF,2637756,GPCK
604808,SCDF,2687211,GPCK
604808,SCDF,1042675,SCD
604808,SCDF,1042684,SCD
604808,SCDF,1043400,SCD
604808,SCDF,1244918,SCD
617478,SCDF,1251811,SCD
617557,SCDF,2639752,SCD
617729,SCDF,2122363,SCD
617729,SCDF,2678223,SCD
617729,SCDF,2685209,SCD
618255,SCDF,1086750,SCD
628822,SCDF,1946979,SCD
636376,SCDF,2634560,GPCK
636376,SCDF,1094538,SCD
636376,SCDF,1367205,SCD
636782,SCDF,1803669,GPCK
636782,SCDF,2637726,GPCK
636782,SCDF,1113705,SCD
636782,SCDF,1996081,SCD
637447,SCDF,1486140,SCD
644179,SCDF,2634560,GPCK
644179,SCDF,2634819,GPCK
644179,SCDF,1086991,SCD
644179,SCDF,1245169,SCD
644179,SCDF,1307244,SCD
644179,SCDF,1744049,SCD
644179,SCDF,2709229,SCD
647202,SCDF,2637731,GPCK
647202,SCDF,1431245,SCD
647202,SCDF,2733907,SCD
647321,SCDF,1424850,GPCK
647321,SCDF,2637727,GPCK
647321,SCDF,2637729,GPCK
647321,SCDF,2637731,GPCK
647321,SCDF,1116572,SCD
647321,SCDF,1369842,SCD
647321,SCDF,1790651,SCD
647321,SCDF,2712155,SCD
702440,SCDF,1596947,SBD
702440,SCDF,2122395,SBD
702440,SCDF,2122415,SBD
702440,SCDF,1596945,SCD
702440,SCDF,2122393,SCD
702440,SCDF,2122413,SCD
702447,SCDF,2122403,SCD
702447,SCDF,2122419,SCD
727159,SCDF,2122356,SCD
728132,SCDF,1370440,SCD
728132,SCDF,2121065,SCD
752340,SCDF,1251401,SCD
757013,SCDF,1300195,SCD
757013,SCDF,1303797,SCD
757013,SCDF,1812101,SCD
757268,SCDF,1298433,SCD
794659,SCDF,1356812,SCD
804153,SCDF,1359114,SCD
804594,SCDF,1304105,SCD
806545,SCDF,2101282,SCD
806545,SCDF,2684921,SCD
824552,SCDF,2167737,SCD
901269,SCDF,1042688,SCD
901269,SCDF,1193292,SCD
901269,SCDF,1242747,SCD
2645335,SCDFP,1424849,SCD
2645335,SCDFP,1430404,SCD
2645335,SCDFP,2167676,SCD
2645342,SCDFP,1373128,SBD
2645342,SCDFP,1373045,SCD
2645354,SCDFP,1250983,GPCK
2645354,SCDFP,2604579,GPCK
2645354,SCDFP,1098496,SCD
2645354,SCDFP,1425315,SCD
2645354,SCDFP,2049841,SCD
2645371,SCDFP,1300195,SCD
2645371,SCDFP,1303797,SCD
2645371,SCDFP,1812101,SCD
2645386,SCDFP,2560238,GPCK
2645386,SCDFP,2634815,GPCK
2645386,SCDFP,1113490,SCD
2645386,SCDFP,1245616,SCD
2645386,SCDFP,1305214,SCD
2645386,SCDFP,1372652,SCD
2645386,SCDFP,1490000,SCD
2645386,SCDFP,1552200,SCD
2645386,SCDFP,1603294,SCD
2645386,SCDFP,1808604,SCD
2645386,SCDFP,1874730,SCD
2645386,SCDFP,2167784,SCD
2645386,SCDFP,2172190,SCD
2645386,SCDFP,2603662,SCD
2645391,SCDFP,1117392,SCD
2645391,SCDFP,1423711,SCD
2645391,SCDFP,2176488,SCD
2645434,SCDFP,1094460,SCD
2645434,SCDFP,1114896,SCD
2645434,SCDFP,1251296,SCD
2645434,SCDFP,1300017,SCD
2645434,SCDFP,1307253,SCD
2645434,SCDFP,1426660,SCD
2645434,SCDFP,1427998,SCD
2645434,SCDFP,2167782,SCD
2645434,SCDFP,2167783,SCD
2645434,SCDFP,2368128,SCD
2645451,SCDFP,1237110,SCD
2645504,SCDFP,1357894,SCD
2645533,SCDFP,2608082,SCD
2645597,SCDFP,1094350,SCD
2645603,SCDFP,1147685,SCD
2645603,SCDFP,1300539,SCD
2645603,SCDFP,1861926,SCD
2645603,SCDFP,2173726,SCD
2645606,SCDFP,2560238,GPCK
2645606,SCDFP,2717656,GPCK
2645606,SCDFP,2717875,GPCK
2645606,SCDFP,2549034,SCD
2645621,SCDFP,1301246,SCD
2645628,SCDFP,1996098,SCD
2645650,SCDFP,1990881,SCD
2645658,SCDFP,1804384,GPCK
2645658,SCDFP,1550968,SCD
2645658,SCDFP,2677915,SCD
2645663,SCDFP,1421985,SCD
2645673,SCDFP,1111087,SCD
2645677,SCDFP,2722932,SCD
2645721,SCDFP,1440908,SCD
2645746,SCDFP,1190600,SCD
2645746,SCDFP,2727430,SCD
2645784,SCDFP,1111766,SBD
2645784,SCDFP,1090487,SCD
2645788,SCDFP,2566823,SCD
2645876,SCDFP,2288826,GPCK
2645876,SCDFP,2390630,GPCK
2645876,SCDFP,2626497,GPCK
2645876,SCDFP,2637728,GPCK
2645876,SCDFP,2644878,GPCK
2645876,SCDFP,1000502,SCD
2645876,SCDFP,1043543,SCD
2645876,SCDFP,1044949,SCD
2645876,SCDFP,1091331,SCD
2645876,SCDFP,1095503,SCD
2645876,SCDFP,1098647,SCD
2645876,SCDFP,1119541,SCD
2645876,SCDFP,1251031,SCD
2645876,SCDFP,1358620,SCD
2645876,SCDFP,1364914,SCD
2645876,SCDFP,1370205,SCD
2645876,SCDFP,1372451,SCD
2645876,SCDFP,1372459,SCD
2645876,SCDFP,1429362,SCD
2645876,SCDFP,1487369,SCD
2645876,SCDFP,1661314,SCD
2645876,SCDFP,1741944,SCD
2645876,SCDFP,1808192,SCD
2645876,SCDFP,2166123,SCD
2645876,SCDFP,2265849,SCD
2645876,SCDFP,2268062,SCD
2645876,SCDFP,2566816,SCD
2645876,SCDFP,2626496,SCD
2645876,SCDFP,2728493,SCD
2645876,SCDFP,880359,SCD
2645877,SCDFP,1593105,SCD
2645877,SCDFP,2003130,SCD
2645877,SCDFP,2167752,SCD
2645877,SCDFP,2603661,SCD
2645924,SCDFP,2119625,GPCK
2645924,SCDFP,2362250,GPCK
2645924,SCDFP,2644878,GPCK
2645924,SCDFP,1111440,SCD
2645924,SCDFP,1114361,SCD
2645924,SCDFP,1370125,SCD
2645924,SCDFP,636568,SCD
2645976,SCDFP,1360638,GPCK
2645976,SCDFP,1795585,GPCK
2645976,SCDFP,2056073,GPCK
2645976,SCDFP,2722413,GPCK
2645976,SCDFP,2743625,GPCK
2645976,SCDFP,1115329,SCD
2645976,SCDFP,1234386,SCD
2645976,SCDFP,1371196,SCD
2645976,SCDFP,2629973,SCD
2645976,SCDFP,2743624,SCD
2645981,SCDFP,2692304,GPCK
2645981,SCDFP,2743069,GPCK
2645981,SCDFP,1542452,SCD
2645981,SCDFP,1605844,SCD
2645981,SCDFP,2692303,SCD
2645981,SCDFP,2719927,SCD
2646022,SCDFP,2664074,GPCK
2646022,SCDFP,1537029,SCD
2646056,SCDFP,2723023,GPCK
2646056,SCDFP,1089822,SCD
2646056,SCDFP,1236395,SCD
2646056,SCDFP,2723021,SCD
2646086,SCDFP,2566814,SCD
2646109,SCDFP,1366825,SCD
2646124,SCDFP,1804384,GPCK
2646124,SCDFP,1534835,SCD
2646124,SCDFP,2677914,SCD
2646156,SCDFP,2634560,GPCK
2646156,SCDFP,2634819,GPCK
2646156,SCDFP,1086991,SCD
2646156,SCDFP,1245169,SCD
2646156,SCDFP,1307244,SCD
2646156,SCDFP,1744049,SCD
2646156,SCDFP,2709229,SCD
2646185,SCDFP,1250983,GPCK
2646185,SCDFP,1111663,SCD
2646185,SCDFP,1661740,SCD
2646221,SCDFP,1648203,GPCK
2646221,SCDFP,2612689,GPCK
2646221,SCDFP,2634564,GPCK
2646221,SCDFP,2663936,GPCK
2646221,SCDFP,2676954,GPCK
2646221,SCDFP,1094549,SCD
2646221,SCDFP,1426334,SCD
2646221,SCDFP,2739790,SCD
2646241,SCDFP,1593450,SCD
2646243,SCDFP,1666116,GPCK
2646243,SCDFP,1090463,SCD
2646243,SCDFP,1148155,SCD
2646243,SCDFP,1423702,SCD
2646243,SCDFP,1486964,SCD
2646243,SCDFP,2167730,SCD
2646245,SCDFP,1356812,SCD
2646252,SCDFP,1927849,GPCK
2646252,SCDFP,2634363,GPCK
2646252,SCDFP,2634364,GPCK
2646252,SCDFP,1297288,SCD
2646252,SCDFP,2734621,SCD
2646268,SCDFP,991528,SCD
2646302,SCDFP,1251811,SCD
2646315,SCDFP,1536477,SCD
2646315,SCDFP,2557336,SCD
2646345,SCDFP,2604579,GPCK
2646345,SCDFP,2713313,GPCK
2646345,SCDFP,2717875,GPCK
2646345,SCDFP,247324,SCD
2646345,SCDFP,2709673,SCD
2646358,SCDFP,2693776,GPCK
2646358,SCDFP,2693777,GPCK
2646358,SCDFP,1370113,SCD
2646358,SCDFP,2693770,SCD
2646358,SCDFP,2693772,SCD
2646376,SCDFP,2598125,SCD
2646436,SCDFP,1098227,SCD
2646436,SCDFP,1098911,SCD
2646436,SCDFP,1099085,SCD
2646436,SCDFP,1241674,SCD
2646436,SCDFP,1358623,SCD
2646436,SCDFP,1424919,SCD
2646436,SCDFP,1435143,SCD
2646455,SCDFP,1536924,SCD
2646455,SCDFP,2691101,SCD
2646461,SCDFP,1803669,GPCK
2646461,SCDFP,2637726,GPCK
2646461,SCDFP,1113705,SCD
2646461,SCDFP,1996081,SCD
2646565,SCDFP,2695452,GPCK
2646565,SCDFP,1042695,SCD
2646565,SCDFP,2680300,SCD
2646723,SCDFP,1923362,SCD
2646818,SCDFP,1946979,SCD
2646840,SCDFP,1428880,GPCK
2646840,SCDFP,2640034,GPCK
2646840,SCDFP,1189316,SCD
2646840,SCDFP,1659967,SCD
2646841,SCDFP,2683425,GPCK
2646841,SCDFP,2683423,SCD
2646841,SCDFP,2685210,SCD
2646905,SCDFP,1743369,SCD
2646917,SCDFP,1094131,SCD
2646962,SCDFP,1648203,GPCK
2646962,SCDFP,2634363,GPCK
2646962,SCDFP,2634564,GPCK
2646962,SCDFP,1086997,SCD
2646962,SCDFP,1312260,SCD
2646985,SCDFP,2173733,SCD
2646985,SCDFP,2173856,SCD
2647005,SCDFP,2663936,GPCK
2647005,SCDFP,2676954,GPCK
2647005,SCDFP,1867684,SCD
2647014,SCDFP,1242575,GPCK
2647014,SCDFP,2604635,GPCK
2647014,SCDFP,2637756,GPCK
2647014,SCDFP,2687211,GPCK
2647014,SCDFP,2744509,GPCK
2647014,SCDFP,1359455,SCD
2647014,SCDFP,1796708,SCD
2647014,SCDFP,1919076,SCD
2647014,SCDFP,2101281,SCD
2647014,SCDFP,2604561,SCD
2647018,SCDFP,2639752,SCD
2647019,SCDFP,1042688,SCD
2647019,SCDFP,1193292,SCD
2647019,SCDFP,1242747,SCD
2647102,SCDFP,1147823,SCD
2647102,SCDFP,2639753,SCD
2647118,SCDFP,1359114,SCD
2647243,SCDFP,1805288,SCD
2647468,SCDFP,2049283,SCD
2647491,SCDFP,1730190,GPCK
2647491,SCDFP,1435918,SCD
2647491,SCDFP,1544873,SCD
2647558,SCDFP,1113397,SCD
2647570,SCDFP,2050367,SCD
2647597,SCDFP,1795585,GPCK
2647597,SCDFP,2056073,GPCK
2647597,SCDFP,2119625,GPCK
2647597,SCDFP,2287760,GPCK
2647597,SCDFP,2362250,GPCK
2647597,SCDFP,2637730,GPCK
2647597,SCDFP,2683226,GPCK
2647597,SCDFP,2685490,GPCK
2647597,SCDFP,2722413,GPCK
2647597,SCDFP,2743625,GPCK
2647597,SCDFP,1014005,SCD
2647597,SCDFP,1020138,SCD
2647597,SCDFP,1046631,SCD
2647597,SCDFP,1113368,SCD
2647597,SCDFP,1117394,SCD
2647597,SCDFP,1147924,SCD
2647597,SCDFP,1150129,SCD
2647597,SCDFP,1234473,SCD
2647597,SCDFP,1298228,SCD
2647597,SCDFP,1439992,SCD
2647597,SCDFP,1441364,SCD
2647597,SCDFP,1790650,SCD
2647597,SCDFP,2671189,SCD
2647597,SCDFP,996520,SCD
2647665,SCDFP,1090468,SCD
2647710,SCDFP,1304108,SCD
2647732,SCDFP,1486140,SCD
2647777,SCDFP,2723023,GPCK
2647777,SCDFP,1090476,SCD
2647777,SCDFP,2723022,SCD
2647830,SCDFP,2122356,SCD
2647837,SCDFP,2636659,GPCK
2647837,SCDFP,2636658,SCD
2647881,SCDFP,1086750,SCD
2647985,SCDFP,1040058,SBD
2647985,SCDFP,1040054,SCD
2648033,SCDFP,1357905,SCD
2648037,SCDFP,1242575,GPCK
2648037,SCDFP,2637726,GPCK
2648037,SCDFP,2637756,GPCK
2648037,SCDFP,2687211,GPCK
2648037,SCDFP,1042675,SCD
2648037,SCDFP,1042684,SCD
2648037,SCDFP,1043400,SCD
2648037,SCDFP,1244918,SCD
2648071,SCDFP,1086443,SCD
2648071,SCDFP,1190174,SCD
2648071,SCDFP,1291266,SCD
2648071,SCDFP,1363752,SCD
2648071,SCDFP,1489310,SCD
2648071,SCDFP,2167740,SCD
2648071,SCDFP,2167750,SCD
2648071,SCDFP,700949,SCD
2648076,SCDFP,1360638,GPCK
2648076,SCDFP,1099285,SBD
2648076,SCDFP,1114041,SBD
2648076,SCDFP,1246254,SBD
2648076,SCDFP,1246340,SBD
2648076,SCDFP,1422935,SBD
2648076,SCDFP,1483723,SBD
2648076,SCDFP,1483726,SBD
2648076,SCDFP,1090496,SCD
2648076,SCDFP,1090946,SCD
2648076,SCDFP,1246338,SCD
2648076,SCDFP,1370211,SCD
2648076,SCDFP,1370216,SCD
2648076,SCDFP,1535845,SCD
2648076,SCDFP,2002003,SCD
2648076,SCDFP,2122382,SCD
2648076,SCDFP,2167754,SCD
2648076,SCDFP,2167803,SCD
2648111,SCDFP,2637485,SCD
2648118,SCDFP,1927849,GPCK
2648118,SCDFP,2634364,GPCK
2648118,SCDFP,1432488,SCD
2648118,SCDFP,1656815,SCD
2648149,SCDFP,1357422,SCD
2648167,SCDFP,2604635,GPCK
2648167,SCDFP,1046384,SCD
2648167,SCDFP,1113522,SCD
2648167,SCDFP,1236070,SCD
2648167,SCDFP,1292342,SCD
2648167,SCDFP,2588212,SCD
2648167,SCDFP,2604562,SCD
2648202,SCDFP,1492052,SCD
2648202,SCDFP,2268058,SCD
2648212,SCDFP,2560237,GPCK
2648212,SCDFP,2549037,SCD
2648218,SCDFP,1536999,SCD
2648221,SCDFP,1291951,SCD
2648221,SCDFP,1369927,SCD
2648222,SCDFP,2288826,GPCK
2648222,SCDFP,2397132,GPCK
2648222,SCDFP,2637727,GPCK
2648222,SCDFP,2173662,SCD
2648268,SCDFP,1236419,SCD
2648268,SCDFP,1236435,SCD
2648284,SCDFP,1045541,SBD
2648284,SCDFP,1872897,SBD
2648284,SCDFP,1045532,SCD
2648302,SCDFP,1730187,GPCK
2648302,SCDFP,2565492,GPCK
2648302,SCDFP,1536503,SCD
2648302,SCDFP,2565491,SCD
2648385,SCDFP,2713313,GPCK
2648385,SCDFP,2713312,SCD
2648449,SCDFP,1313298,SCD
2648479,SCDFP,2101282,SCD
2648479,SCDFP,2684921,SCD
2648495,SCDFP,1298288,SCD
2648508,SCDFP,2377385,SCD
2648526,SCDFP,2634817,GPCK
2648526,SCDFP,1546881,SCD
2648536,SCDFP,2744513,BPCK
2648536,SCDFP,2744515,BPCK
2648536,SCDFP,2744512,GPCK
2648536,SCDFP,2744514,GPCK
2648536,SCDFP,2611266,SBD
2648536,SCDFP,2741703,SBD
2648536,SCDFP,2611260,SCD
2648536,SCDFP,2741701,SCD
2648553,SCDFP,1299646,SCD
2648553,SCDFP,1299662,SCD
2648561,SCDFP,1359154,SCD
2648561,SCDFP,1673869,SCD
2648579,SCDFP,2683425,GPCK
2648579,SCDFP,2173731,SCD
2648579,SCDFP,2683424,SCD
2648597,SCDFP,2560237,GPCK
2648597,SCDFP,2634562,GPCK
2648597,SCDFP,2634816,GPCK
2648597,SCDFP,2634817,GPCK
2648597,SCDFP,2634819,GPCK
2648597,SCDFP,1098435,SCD
2648597,SCDFP,1110988,SCD
2648597,SCDFP,1367204,SCD
2648597,SCDFP,1484879,SCD
2648619,SCDFP,1424850,GPCK
2648619,SCDFP,2637727,GPCK
2648619,SCDFP,2637729,GPCK
2648619,SCDFP,2637731,GPCK
2648619,SCDFP,1116572,SCD
2648619,SCDFP,1369842,SCD
2648619,SCDFP,1790651,SCD
2648619,SCDFP,2712155,SCD
2648660,SCDFP,2558505,GPCK
2648660,SCDFP,1089968,SCD
2648660,SCDFP,1147795,SCD
2648707,SCDFP,2636659,GPCK
2648707,SCDFP,2636656,SCD
2648707,SCDFP,2670598,SCD
2648707,SCDFP,2670678,SCD
2648760,SCDFP,2122389,SBD
2648760,SCDFP,1370219,SCD
2648760,SCDFP,1861935,SCD
2648760,SCDFP,2122387,SCD
2648760,SCDFP,2167801,SCD
2648773,SCDFP,1251401,SCD
2648823,SCDFP,1427392,SCD
2648848,SCDFP,1423307,SCD
2648848,SCDFP,2679777,SCD
2648848,SCDFP,2712157,SCD
2648848,SCDFP,2716698,SCD
2648893,SCDFP,2122363,SCD
2648893,SCDFP,2678223,SCD
2648893,SCDFP,2685209,SCD
2649008,SCDFP,1730187,GPCK
2649008,SCDFP,2565492,GPCK
2649008,SCDFP,2664074,GPCK
2649008,SCDFP,1536498,SCD
2649055,SCDFP,2558505,GPCK
2649055,SCDFP,1250743,SCD
2649069,SCDFP,1099074,SCD
2649069,SCDFP,1298324,SCD
2649069,SCDFP,1357923,SCD
2649069,SCDFP,485709,SCD
2649073,SCDFP,2637731,GPCK
2649073,SCDFP,1431245,SCD
2649073,SCDFP,2733907,SCD
2649078,SCDFP,2287760,GPCK
2649078,SCDFP,2390630,GPCK
2649078,SCDFP,2637729,GPCK
2649078,SCDFP,2744509,GPCK
2649078,SCDFP,2173667,SCD
2649080,SCDFP,1358993,SBD
2649080,SCDFP,1037164,SCD
2649080,SCDFP,1098497,SCD
2649080,SCDFP,1245722,SCD
2649080,SCDFP,1357010,SCD
2649119,SCDFP,2634560,GPCK
2649119,SCDFP,1094538,SCD
2649119,SCDFP,1367205,SCD
2649144,SCDFP,2122403,SCD
2649144,SCDFP,2122419,SCD
2649200,SCDFP,1304105,SCD
2649230,SCDFP,1010946,SCD
2649230,SCDFP,1010980,SCD
2649230,SCDFP,1012984,SCD
2649249,SCDFP,1039255,SBD
2649249,SCDFP,1039251,SCD
2649272,SCDFP,1370440,SCD
2649272,SCDFP,2121065,SCD
2649276,SCDFP,1536157,SBD
2649276,SCDFP,1536151,SCD
2649276,SCDFP,2373441,SCD
2649314,SCDFP,2167737,SCD
2649399,SCDFP,1298433,SCD
2649422,SCDFP,1536862,SCD
2649460,SCDFP,1596947,SBD
2649460,SCDFP,2122395,SBD
2649460,SCDFP,2122415,SBD
2649460,SCDFP,1596945,SCD
2649460,SCDFP,2122393,SCD
2649460,SCDFP,2122413,SCD
2649472,SCDFP,1536934,SCD
2649476,SCDFP,1535366,SCD
2670540,SCDFP,2670541,SCD
2676757,SCDFP,2683422,GPCK
2676757,SCDFP,2676758,SCD
2676757,SCDFP,2683421,SCD
2678229,SCDFP,2678231,SCD
2679419,SCDFP,2679426,GPCK
2679419,SCDFP,2679420,SCD
2692301,SCDFP,2692304,GPCK
2692301,SCDFP,2693777,GPCK
2692301,SCDFP,2692302,SCD
2692301,SCDFP,2744316,SCD
2699312,SCDFP,2699313,SCD
2699312,SCDFP,2707699,SCD
2715862,SCDFP,2715863,SCD
2741370,SCDFP,2741371,SCD
2743067,SCDFP,2743069,GPCK
2743067,SCDFP,2743068,SCD
2744311,SCDFP,2744508,GPCK
2744311,SCDFP,2744312,SCD
2744314,SCDFP,2744508,GPCK
2744314,SCDFP,2744315,SCD
2744505,SCDFP,2744506,SCD
1718901,SBDF,1718902,SBD
1718901,SBDF,1718907,SBD
1718901,SBDF,1718910,SBD
1718901,SBDF,2396892,SBD
1718901,SBDF,284397,SBD
1718901,SBDF,1718900,SCD
1718901,SBDF,1718906,SCD
1718901,SBDF,1718909,SCD
1718901,SBDF,2396891,SCD
1718901,SBDF,309710,SCD
1732671,SBDF,1732674,SBD
1732671,SBDF,1732668,SCD
2268608,SBDF,2268610,SBD
2268608,SBDF,1535228,SCD
2532530,SBDF,2532532,SBD
2532530,SBDF,1535228,SCD
2535254,SBDF,2535256,SBD
2535254,SBDF,1535228,SCD
2601125,SBDF,2601126,SBD
2601125,SBDF,2601131,SBD
2601125,SBDF,2601119,SCD
2601125,SBDF,2601129,SCD
2665896,SBDF,2665898,SBD
2665896,SBDF,1535228,SCD
897076,SBDF,1535226,SBD
897076,SBDF,1535230,SBD
897076,SBDF,1535224,SCD
897076,SBDF,1535228,SCD
2655893,SBDFP,2535256,SBD
2655893,SBDFP,1535228,SCD
2656022,SBDFP,2268610,SBD
2656022,SBDFP,1535228,SCD
2657700,SBDFP,1535226,SBD
2657700,SBDFP,1535230,SBD
2657700,SBDFP,1535224,SCD
2657700,SBDFP,1535228,SCD
2658053,SBDFP,2532532,SBD
2658053,SBDFP,1535228,SCD
2665897,SBDFP,2665898,SBD
2665897,SBDFP,1535228,SCD
1718899,SCDF,1718902,SBD
1718899,SCDF,1718907,SBD
1718899,SCDF,1718910,SBD
1718899,SCDF,2396892,SBD
1718899,SCDF,284397,SBD
1718899,SCDF,1718900,SCD
1718899,SCDF,1718906,SCD
1718899,SCDF,1718909,SCD
1718899,SCDF,2396891,SCD
1718899,SCDF,309710,SCD
1732667,SCDF,1732674,SBD
1732667,SCDF,1732668,SCD
2601118,SCDF,2601126,SBD
2601118,SCDF,2601131,SBD
2601118,SCDF,2601119,SCD
2601118,SCDF,2601129,SCD
377219,SCDF,1535226,SBD
377219,SCDF,1535230,SBD
377219,SCDF,2268610,SBD
377219,SCDF,2532532,SBD
377219,SCDF,2535256,SBD
377219,SCDF,2665898,SBD
377219,SCDF,1535224,SCD
377219,SCDF,1535228,SCD
377219,SCDF,1788947,SCD
2649387,SCDFP,1535226,SBD
2649387,SCDFP,1535230,SBD
2649387,SCDFP,2268610,SBD
2649387,SCDFP,2532532,SBD
2649387,SCDFP,2535256,SBD
2649387,SCDFP,2665898,SBD
2649387,SCDFP,1535224,SCD
2649387,SCDFP,1535228,SCD
373265,SCDF,834040,SCD
373265,SCDF,834046,SCD
373266,SCDF,834061,SCD
373266,SCDF,834102,SCD
377416,SCDF,834182,SCD
2645882,SCDFP,834040,SCD
2645882,SCDFP,834046,SCD
2646344,SCDFP,834182,SCD
2648135,SCDFP,834061,SCD
2648135,SCDFP,834102,SCD
584595,SBDF,584596,SBD
584595,SBDF,309675,SCD
371719,SCDF,1789689,SBD
371719,SCDF,584596,SBD
371719,SCDF,1789684,SCD
371719,SCDF,309675,SCD
1727282,SBDF,352220,SBD
1727282,SBDF,351209,SCD
368579,SBDF,352218,SBD
368579,SBDF,352219,SBD
368579,SBDF,349434,SCD
368579,SBDF,349435,SCD
546623,SBDF,546624,SBD
546623,SBDF,465355,SCD
1727280,SCDF,352220,SBD
1727280,SCDF,2727399,SCD
1727280,SCDF,351209,SCD
378691,SCDF,352218,SBD
378691,SCDF,352219,SBD
378691,SCDF,349434,SCD
378691,SCDF,349435,SCD
477141,SCDF,546624,SBD
477141,SCDF,465355,SCD
1087248,SBDF,1087249,SBD
1087248,SBDF,1087245,SCD
1087261,SBDF,1087262,SBD
1087261,SBDF,1087258,SCD
1087284,SBDF,1087285,SBD
1087284,SBDF,1087281,SCD
1087398,SBDF,1087399,SBD
1087398,SBDF,802693,SCD
1087437,SBDF,1087438,SBD
1087437,SBDF,309606,SCD
1098703,SBDF,1145348,SBD
1098703,SBDF,636528,SCD
1150290,SBDF,1150291,SBD
1150290,SBDF,476628,SCD
1193043,SBDF,1193046,SBD
1193043,SBDF,1193037,SCD
1314682,SBDF,1314685,SBD
1314682,SBDF,1314679,SCD
1809028,SBDF,1809029,SBD
1809028,SBDF,484925,SCD
2598452,SBDF,2598453,SBD
2598452,SBDF,309594,SCD
603782,SBDF,861115,SBD
603782,SBDF,861113,SCD
619323,SBDF,542045,SBD
619323,SBDF,476628,SCD
644789,SBDF,644790,SBD
644789,SBDF,644787,SCD
644793,SBDF,644794,SBD
644793,SBDF,484925,SCD
707573,SBDF,997951,SBD
707573,SBDF,200353,SCD
802747,SBDF,802748,SBD
802747,SBDF,802503,SCD
802761,SBDF,802762,SBD
802761,SBDF,802759,SCD
808533,SBDF,808534,SBD
808533,SBDF,794976,SCD
861082,SBDF,861083,SBD
861082,SBDF,309606,SCD
877480,SBDF,1111750,SBD
877480,SBDF,1111748,SCD
877522,SBDF,1111752,SBD
877522,SBDF,1111748,SCD
979337,SBDF,979338,SBD
979337,SBDF,309606,SCD
2658209,SBDFP,1193046,SBD
2658209,SBDFP,1193037,SCD
2658908,SBDFP,1314685,SBD
2658908,SBDFP,1314679,SCD
1087243,SCDF,1087249,SBD
1087243,SCDF,1087245,SCD
1087257,SCDF,1087262,SBD
1087257,SCDF,1087258,SCD
1087279,SCDF,1087285,SBD
1087279,SCDF,1087281,SCD
1193035,SCDF,1193046,SBD
1193035,SCDF,1193037,SCD
1241894,SCDF,1241896,SCD
1244145,SCDF,1244146,SCD
1291287,SCDF,1291288,SCD
1291287,SCDF,1374869,SCD
1291287,SCDF,2714170,SCD
1291287,SCDF,2735126,SCD
1314397,SCDF,1314626,SCD
1314397,SCDF,1314636,SCD
1314677,SCDF,1314685,SBD
1314677,SCDF,1314679,SCD
2745599,SCDF,2745600,SCD
348170,SCDF,105687,SCD
348170,SCDF,1112803,SCD
348170,SCDF,1248737,SCD
348170,SCDF,1423423,SCD
348170,SCDF,1488563,SCD
371646,SCDF,1245012,SCD
371646,SCDF,1653780,SCD
371646,SCDF,2171138,SCD
371646,SCDF,245557,SCD
371648,SCDF,1486245,SCD
371648,SCDF,1804852,SCD
371648,SCDF,198890,SCD
371648,SCDF,2185309,SCD
371648,SCDF,2682744,SCD
371649,SCDF,2598453,SBD
371649,SCDF,1006047,SCD
371649,SCDF,2001499,SCD
371649,SCDF,309594,SCD
371650,SCDF,105686,SCD
371650,SCDF,1245015,SCD
371650,SCDF,244190,SCD
371650,SCDF,309593,SCD
371650,SCDF,309595,SCD
371650,SCDF,309604,SCD
371650,SCDF,313896,SCD
371651,SCDF,1606305,SCD
371651,SCDF,237776,SCD
371651,SCDF,237777,SCD
371651,SCDF,240516,SCD
371652,SCDF,198891,SCD
371652,SCDF,199184,SCD
371652,SCDF,237779,SCD
371652,SCDF,636371,SCD
371652,SCDF,835519,SCD
371652,SCDF,855213,SCD
375025,SCDF,283009,SCD
375346,SCDF,1246063,SCD
375346,SCDF,1437717,SCD
375346,SCDF,199364,SCD
375346,SCDF,199365,SCD
375346,SCDF,199374,SCD
375346,SCDF,200165,SCD
375346,SCDF,242347,SCD
375346,SCDF,242698,SCD
376662,SCDF,309611,SCD
377051,SCDF,259711,SCD
378708,SCDF,861115,SBD
378708,SCDF,861113,SCD
619046,SCDF,1150291,SBD
619046,SCDF,542045,SBD
619046,SCDF,199240,SCD
619046,SCDF,476628,SCD
619051,SCDF,1145348,SBD
619051,SCDF,1809029,SBD
619051,SCDF,644790,SBD
619051,SCDF,644794,SBD
619051,SCDF,997951,SBD
619051,SCDF,200353,SCD
619051,SCDF,259191,SCD
619051,SCDF,2711570,SCD
619051,SCDF,359541,SCD
619051,SCDF,359542,SCD
619051,SCDF,484925,SCD
619051,SCDF,636528,SCD
619051,SCDF,644787,SCD
619051,SCDF,808900,SCD
619051,SCDF,830162,SCD
619074,SCDF,808513,SCD
619074,SCDF,808611,SCD
619074,SCDF,858334,SCD
619082,SCDF,1087438,SBD
619082,SCDF,861083,SBD
619082,SCDF,979338,SBD
619082,SCDF,309606,SCD
730919,SCDF,730920,SCD
748671,SCDF,808534,SBD
748671,SCDF,1145988,SCD
748671,SCDF,1145991,SCD
748671,SCDF,1146002,SCD
748671,SCDF,748672,SCD
748671,SCDF,794976,SCD
749177,SCDF,896789,SCD
763596,SCDF,2563680,SCD
763596,SCDF,763597,SCD
797237,SCDF,1243888,SCD
797237,SCDF,797238,SCD
802502,SCDF,802748,SBD
802502,SCDF,802503,SCD
802692,SCDF,1087399,SBD
802692,SCDF,802693,SCD
802758,SCDF,802762,SBD
802758,SCDF,802759,SCD
808554,SCDF,830736,SCD
877476,SCDF,1111750,SBD
877476,SCDF,1111752,SBD
877476,SCDF,1111748,SCD
2645530,SCDFP,1314685,SBD
2645530,SCDFP,1314679,SCD
2645803,SCDFP,1193046,SBD
2645803,SCDFP,1193037,SCD
2646677,SCDFP,830736,SCD
2648405,SCDFP,1314626,SCD
2648405,SCDFP,1314636,SCD
2648970,SCDFP,1244146,SCD
1232588,SBDF,1232591,SBD
1232588,SBDF,1232585,SCD
1551471,SBDF,1551474,SBD
1551471,SBDF,1551468,SCD
491056,SBDF,993511,SBD
491056,SBDF,993528,SBD
491056,SBDF,993537,SBD
491056,SBDF,993545,SBD
491056,SBDF,993564,SBD
491056,SBDF,993503,SCD
491056,SBDF,993518,SCD
491056,SBDF,993536,SCD
491056,SBDF,993541,SCD
491056,SBDF,993557,SCD
2654526,SBDFP,1551474,SBD
2654526,SBDFP,1551468,SCD
2656792,SBDFP,993511,SBD
2656792,SBDFP,993528,SBD
2656792,SBDFP,993537,SBD
2656792,SBDFP,993545,SBD
2656792,SBDFP,993564,SBD
2656792,SBDFP,993503,SCD
2656792,SBDFP,993518,SCD
2656792,SBDFP,993536,SCD
2656792,SBDFP,993541,SCD
2656792,SBDFP,993557,SCD
2658826,SBDFP,1232591,SBD
2658826,SBDFP,1232585,SCD
1551466,SCDF,1551474,SBD
1551466,SCDF,1551468,SCD
378233,SCDF,993687,SCD
378233,SCDF,993691,SCD
378354,SCDF,1232591,SBD
378354,SCDF,993511,SBD
378354,SCDF,993528,SBD
378354,SCDF,993537,SBD
378354,SCDF,993545,SBD
378354,SCDF,993552,SBD
378354,SCDF,993564,SBD
378354,SCDF,993569,SBD
378354,SCDF,993683,SBD
378354,SCDF,1232585,SCD
378354,SCDF,1801289,SCD
378354,SCDF,993503,SCD
378354,SCDF,993518,SCD
378354,SCDF,993536,SCD
378354,SCDF,993541,SCD
378354,SCDF,993550,SCD
378354,SCDF,993557,SCD
378354,SCDF,993567,SCD
378354,SCDF,993681,SCD
2646741,SCDFP,993687,SCD
2646741,SCDFP,993691,SCD
2648043,SCDFP,1232591,SBD
2648043,SCDFP,993511,SBD
2648043,SCDFP,993528,SBD
2648043,SCDFP,993537,SBD
2648043,SCDFP,993545,SBD
2648043,SCDFP,993564,SBD
2648043,SCDFP,1232585,SCD
2648043,SCDFP,1801289,SCD
2648043,SCDFP,993503,SCD
2648043,SCDFP,993518,SCD
2648043,SCDFP,993536,SCD
2648043,SCDFP,993541,SCD
2648043,SCDFP,993557,SCD
2649250,SCDFP,1551474,SBD
2649250,SCDFP,1551468,SCD
835488,SBDF,993552,SBD
835488,SBDF,993569,SBD
835488,SBDF,993683,SBD
835488,SBDF,993550,SCD
835488,SBDF,993567,SCD
835488,SBDF,993681,SCD
2655096,SBDFP,993552,SBD
2655096,SBDFP,993569,SBD
2655096,SBDFP,993683,SBD
2655096,SBDFP,993550,SCD
2655096,SBDFP,993567,SCD
2655096,SBDFP,993681,SCD
2645852,SCDFP,993552,SBD
2645852,SCDFP,993569,SBD
2645852,SCDFP,993683,SBD
2645852,SCDFP,993550,SCD
2645852,SCDFP,993567,SCD
2645852,SCDFP,993681,SCD
2679783,SBDF,2679784,SBD
2679783,SBDF,2679786,SBD
2679783,SBDF,2679788,SBD
2679783,SBDF,1860619,SCD
2679783,SBDF,2679779,SCD
2679783,SBDF,2679787,SCD
2697043,SBDF,2723664,BPCK
2697043,SBDF,2723666,BPCK
2697043,SBDF,2723663,GPCK
2697043,SBDF,2723665,GPCK
2697043,SBDF,2697044,SBD
2697043,SBDF,2728902,SBD
2697043,SBDF,1860480,SCD
2697043,SBDF,1860485,SCD
1860479,SCDF,2723664,BPCK
1860479,SCDF,2723666,BPCK
1860479,SCDF,2723663,GPCK
1860479,SCDF,2723665,GPCK
1860479,SCDF,2679784,SBD
1860479,SCDF,2679786,SBD
1860479,SCDF,2679788,SBD
1860479,SCDF,2697044,SBD
1860479,SCDF,2728902,SBD
1860479,SCDF,1860480,SCD
1860479,SCDF,1860485,SCD
1860479,SCDF,1860619,SCD
1860479,SCDF,1861411,SCD
1860479,SCDF,2679779,SCD
1860479,SCDF,2679787,SCD
376888,SCDF,1001405,SCD
376888,SCDF,1093280,SCD
2054162,SBDF,2723664,BPCK
2054162,SBDF,2723666,BPCK
2054162,SBDF,2723663,GPCK
2054162,SBDF,2723665,GPCK
2054162,SBDF,2054170,SBD
2054162,SBDF,2054174,SBD
2054162,SBDF,2054223,SBD
2054162,SBDF,2054227,SBD
2054162,SBDF,2054168,SCD
2054162,SBDF,2054173,SCD
2054162,SBDF,2054221,SCD
2054162,SBDF,2054226,SCD
2657914,SBDFP,2723664,BPCK
2657914,SBDFP,2723666,BPCK
2657914,SBDFP,2723663,GPCK
2657914,SBDFP,2723665,GPCK
2657914,SBDFP,2054170,SBD
2657914,SBDFP,2054174,SBD
2657914,SBDFP,2054223,SBD
2657914,SBDFP,2054227,SBD
2657914,SBDFP,2054168,SCD
2657914,SBDFP,2054173,SCD
2657914,SBDFP,2054221,SCD
2657914,SBDFP,2054226,SCD
1741289,SCDF,2723664,BPCK
1741289,SCDF,2723666,BPCK
1741289,SCDF,2723663,GPCK
1741289,SCDF,2723665,GPCK
1741289,SCDF,1741292,SBD
1741289,SCDF,1741296,SBD
1741289,SCDF,1741301,SBD
1741289,SCDF,1741304,SBD
1741289,SCDF,1741311,SBD
1741289,SCDF,1741313,SBD
1741289,SCDF,1741377,SBD
1741289,SCDF,1741381,SBD
1741289,SCDF,1741421,SBD
1741289,SCDF,1741424,SBD
1741289,SCDF,1741899,SBD
1741289,SCDF,1741903,SBD
1741289,SCDF,1741974,SBD
1741289,SCDF,1741986,SBD
1741289,SCDF,1742029,SBD
1741289,SCDF,1742031,SBD
1741289,SCDF,1742038,SBD
1741289,SCDF,1742217,SBD
1741289,SCDF,1742220,SBD
1741289,SCDF,1742222,SBD
1741289,SCDF,1742224,SBD
1741289,SCDF,1742225,SBD
1741289,SCDF,1742227,SBD
1741289,SCDF,1742228,SBD
1741289,SCDF,1742329,SBD
1741289,SCDF,1742330,SBD
1741289,SCDF,1742331,SBD
1741289,SCDF,1742395,SBD
1741289,SCDF,1742399,SBD
1741289,SCDF,1742400,SBD
1741289,SCDF,1742401,SBD
1741289,SCDF,1742403,SBD
1741289,SCDF,1742404,SBD
1741289,SCDF,1742406,SBD
1741289,SCDF,1798549,SBD
1741289,SCDF,1799326,SBD
1741289,SCDF,2054170,SBD
1741289,SCDF,2054174,SBD
1741289,SCDF,2054223,SBD
1741289,SCDF,2054227,SBD
1741289,SCDF,1741290,SCD
1741289,SCDF,1741295,SCD
1741289,SCDF,1741375,SCD
1741289,SCDF,1741380,SCD
1741289,SCDF,1741403,SCD
1741289,SCDF,1741410,SCD
1741289,SCDF,1741420,SCD
1741289,SCDF,1741423,SCD
1741289,SCDF,1741570,SCD
1741289,SCDF,2054168,SCD
1741289,SCDF,2054173,SCD
1741289,SCDF,2054221,SCD
1741289,SCDF,2054226,SCD
2645873,SCDFP,2723664,BPCK
2645873,SCDFP,2723666,BPCK
2645873,SCDFP,2723663,GPCK
2645873,SCDFP,2723665,GPCK
2645873,SCDFP,2054170,SBD
2645873,SCDFP,2054174,SBD
2645873,SCDFP,2054223,SBD
2645873,SCDFP,2054227,SBD
2645873,SCDFP,2054168,SCD
2645873,SCDFP,2054173,SCD
2645873,SCDFP,2054221,SCD
2645873,SCDFP,2054226,SCD
1716029,SBDF,1716031,SBD
1716029,SBDF,1716012,SCD
1716034,SBDF,1716036,SBD
1716034,SBDF,1716020,SCD
1716040,SBDF,1716042,SBD
1716040,SBDF,1716024,SCD
1872467,SBDF,210972,SBD
1872467,SBDF,313650,SCD
1302679,SCDF,1302680,SCD
1716010,SCDF,1716031,SBD
1716010,SCDF,1716036,SBD
1716010,SCDF,1716042,SBD
1716010,SCDF,1716012,SCD
1716010,SCDF,1716020,SCD
1716010,SCDF,1716024,SCD
1872465,SCDF,210972,SBD
1872465,SCDF,313650,SCD
1987012,SCDF,1987013,SCD
374301,SCDF,313638,SCD
374301,SCDF,313641,SCD
374301,SCDF,313652,SCD
374301,SCDF,313654,SCD
374301,SCDF,313656,SCD
374307,SCDF,243795,SCD
374307,SCDF,313643,SCD
374307,SCDF,313653,SCD
375961,SCDF,313646,SCD
376984,SCDF,259870,SCD
485688,SCDF,259287,SCD
485688,SCDF,581296,SCD
485688,SCDF,701627,SCD
485688,SCDF,705726,SCD
581317,SCDF,581318,SCD
991455,SCDF,991456,SCD
999792,SCDF,999793,SCD
2646983,SCDFP,1987013,SCD
93415,SBDF,1046266,SBD
93415,SBDF,1043658,SCD
2657242,SBDFP,1046266,SBD
2657242,SBDFP,1043658,SCD
372997,SCDF,1043708,SBD
372997,SCDF,1046266,SBD
372997,SCDF,1043658,SCD
372997,SCDF,1043704,SCD
2647788,SCDFP,1043708,SBD
2647788,SCDFP,1046266,SBD
2647788,SCDFP,1043658,SCD
2647788,SCDFP,1043704,SCD
2285802,SBDF,984082,SBD
2285802,SBDF,984078,SCD
2285809,SBDF,967388,SBD
2285809,SBDF,967385,SCD
2657514,SBDFP,984082,SBD
2657514,SBDFP,984078,SCD
2658188,SBDFP,967388,SBD
2658188,SBDFP,967385,SCD
1737431,SCDF,967388,SBD
1737431,SCDF,984082,SBD
1737431,SCDF,239240,SCD
1737431,SCDF,967385,SCD
1737431,SCDF,984078,SCD
2285811,SCDF,834789,SCD
370583,SCDF,199264,SCD
370894,SCDF,251350,SCD
374833,SCDF,199417,SCD
377580,SCDF,197368,SCD
378973,SCDF,197367,SCD
2645439,SCDFP,834789,SCD
2645777,SCDFP,967388,SBD
2645777,SCDFP,967385,SCD
2647124,SCDFP,984082,SBD
2647124,SCDFP,984078,SCD